{"type": "FeatureCollection", "name": "hays_county_soil_polygons_simplified", "crs": {"type": "name", "properties": {"name": "urn:ogc:def:crs:OGC:1.3:CRS84"}}, "features": [{"type": "Feature", "properties": {"AREASYMBOL": "TX604", "SPATIALVER": 4, "MUSYM": "W", "MUKEY": "393654", "muname": "Water"}, "geometry": {"type": "Polygon", "coordinates": [[[-98.02870829363619, 29.980158889268512], [-98.0270047674938, 29.9824550443753], [-98.0256577794554, 29.9828252251556], [-98.02211576470432, 29.98545200855158], [-98.02209823026341, 29.98506921778915], [-98.0231543209918, 29.9844823092053], [-98.0261812008206, 29.9817041368023], [-98.02870829363619, 29.980158889268512]]]}}, {"type": "Feature", "properties": {"AREASYMBOL": "TX604", "SPATIALVER": 4, "MUSYM": "W", "MUKEY": "393654", "muname": "Water"}, "geometry": {"type": "Polygon", "coordinates": [[[-98.0197647202044, 29.9855905391324], [-98.0207446277734, 29.98546062239647], [-98.02047089520183, 29.985658495670737], [-98.0196170320911, 29.985637877055712], [-98.0179493980912, 29.98448067661403], [-98.0197647202044, 29.9855905391324]]]}}, {"type": "Feature", "properties": {"AREASYMBOL": "TX604", "SPATIALVER": 4, "MUSYM": "HvB", "MUKEY": "390704", "muname": "Houston Black gravelly clay, 1 to 3 percent slopes"}, "geometry": {"type": "Polygon", "coordinates": [[[-97.8162661163222, 29.9858834482201], [-97.816770217794, 29.9854054856516], [-97.8172761322431, 29.9853871669196], [-97.8174926362725, 29.985677563528416], [-97.81618482070888, 29.986834750205695], [-97.8162661163222, 29.9858834482201]]]}}, {"type": "Feature", "properties": {"AREASYMBOL": "TX604", "SPATIALVER": 4, "MUSYM": "HvB", "MUKEY": "390704", "muname": "Houston Black gravelly clay, 1 to 3 percent slopes"}, "geometry": {"type": "Polygon", "coordinates": [[[-97.81689385054099, 29.994525020119333], [-97.81672065507787, 29.99438294648456], [-97.81722146047541, 29.993935318159394], [-97.81689385054099, 29.994525020119333]]]}}, {"type": "Feature", "properties": {"AREASYMBOL": "TX604", "SPATIALVER": 4, "MUSYM": "HvB", "MUKEY": "390704", "muname": "Houston Black gravelly clay, 1 to 3 percent slopes"}, "geometry": {"type": "Polygon", "coordinates": [[[-97.816621285855, 29.99509180450561], [-97.81695897119567, 29.99537467305388], [-97.81638435109517, 29.99589809093321], [-97.81603608628633, 29.995622778511578], [-97.816621285855, 29.99509180450561]]]}}, {"type": "Feature", "properties": {"AREASYMBOL": "TX604", "SPATIALVER": 4, "MUSYM": "HvB", "MUKEY": "390704", "muname": "Houston Black gravelly clay, 1 to 3 percent slopes"}, "geometry": {"type": "Polygon", "coordinates": [[[-97.81892898471493, 29.99907222257623], [-97.81882049213718, 29.998981149947422], [-97.81893716438381, 29.998875848249583], [-97.81892898471493, 29.99907222257623]]]}}, {"type": "Feature", "properties": {"AREASYMBOL": "TX604", "SPATIALVER": 4, "MUSYM": "HvB", "MUKEY": "390704", "muname": "Houston Black gravelly clay, 1 to 3 percent slopes"}, "geometry": {"type": "Polygon", "coordinates": [[[-97.81878474106068, 29.998609413897697], [-97.81882049213718, 29.998981149947422], [-97.81858857119819, 29.998786465691364], [-97.81878474106068, 29.998609413897697]]]}}, {"type": "Feature", "properties": {"AREASYMBOL": "TX604", "SPATIALVER": 4, "MUSYM": "HvB", "MUKEY": "390704", "muname": "Houston Black gravelly clay, 1 to 3 percent slopes"}, "geometry": {"type": "Polygon", "coordinates": [[[-97.81878474106068, 29.998609413897697], [-97.81858857119819, 29.998786465691364], [-97.81836115346479, 29.998595562081295], [-97.81855271915866, 29.998422666498634], [-97.81878474106068, 29.998609413897697]]]}}, {"type": "Feature", "properties": {"AREASYMBOL": "TX604", "SPATIALVER": 4, "MUSYM": "HvD", "MUKEY": "390705", "muname": "Houston Black gravelly clay, 3 to 8 percent slopes"}, "geometry": {"type": "Polygon", "coordinates": [[[-97.81423091268263, 29.985852827146832], [-97.81394372588069, 29.98560275844238], [-97.81427008943886, 29.98531414491291], [-97.81445527753652, 29.985475608277547], [-97.81423091268263, 29.985852827146832]]]}}, {"type": "Feature", "properties": {"AREASYMBOL": "TX604", "SPATIALVER": 4, "MUSYM": "HvD", "MUKEY": "390705", "muname": "Houston Black gravelly clay, 3 to 8 percent slopes"}, "geometry": {"type": "MultiPolygon", "coordinates": [[[[-97.8158837359863, 29.9840655103269], [-97.81445527753652, 29.985475608277547], [-97.81427008943886, 29.98531414491291], [-97.81612275082156, 29.98368876136709], [-97.81646940826656, 29.983992372896157], [-97.8158837359863, 29.9840655103269]]], [[[-97.8139496652744, 29.9863256811945], [-97.8131919174659, 29.9865464504613], [-97.81282044831592, 29.986952498294343], [-97.81268620537408, 29.986840406263244], [-97.81394372588069, 29.98560275844238], [-97.81423091268263, 29.985852827146832], [-97.8139496652744, 29.9863256811945]]]]}}, {"type": "Feature", "properties": {"AREASYMBOL": "TX604", "SPATIALVER": 4, "MUSYM": "HvB", "MUKEY": "390704", "muname": "Houston Black gravelly clay, 1 to 3 percent slopes"}, "geometry": {"type": "Polygon", "coordinates": [[[-97.7805685383542, 29.9761177095034], [-97.7799788375003, 29.9759524488238], [-97.7797316446645, 29.97573763148256], [-97.78000522878756, 29.975394690381236], [-97.7805685383542, 29.9761177095034]]]}}, {"type": "Feature", "properties": {"AREASYMBOL": "TX604", "SPATIALVER": 4, "MUSYM": "LeB", "MUKEY": "393472", "muname": "Lewisville silty clay, 1 to 3 percent slopes"}, "geometry": {"type": "Polygon", "coordinates": [[[-97.8422540512222, 29.9311862879872], [-97.8416698477485, 29.9335380715227], [-97.8417565125793, 29.9350068515913], [-97.8393138964982, 29.934789271385], [-97.8384685668012, 29.9331006825069], [-97.83892279975144, 29.93127778218215], [-97.84067781368526, 29.929757892733807], [-97.8406305325222, 29.9299390019969], [-97.8410726003736, 29.9300487438676], [-97.841829613908, 29.9295888730546], [-97.8423559100047, 29.9295700866904], [-97.8431149539049, 29.9299917850627], [-97.8422540512222, 29.9311862879872]]]}}, {"type": "Feature", "properties": {"AREASYMBOL": "TX604", "SPATIALVER": 4, "MUSYM": "AgC3", "MUKEY": "378697", "muname": "Altoga silty clay, 2 to 5 percent slopes, eroded"}, "geometry": {"type": "Polygon", "coordinates": [[[-97.78656336684382, 30.059990889844705], [-97.7862000556439, 30.058843241764], [-97.78652858107124, 30.056855588476598], [-97.78656336684382, 30.059990889844705]]]}}, {"type": "Feature", "properties": {"AREASYMBOL": "TX604", "SPATIALVER": 4, "MUSYM": "W", "MUKEY": "393654", "muname": "Water"}, "geometry": {"type": "Polygon", "coordinates": [[[-97.8028934877829, 30.0509231041676], [-97.8023673040508, 30.0505550692282], [-97.8031063509607, 30.0501157346779], [-97.80343674668786, 30.050176486743503], [-97.8028934877829, 30.0509231041676]]]}}, {"type": "Feature", "properties": {"AREASYMBOL": "TX604", "SPATIALVER": 4, "MUSYM": "ByB", "MUKEY": "378712", "muname": "Branyon clay, 1 to 3 percent slopes"}, "geometry": {"type": "MultiPolygon", "coordinates": [[[[-97.83282836471926, 29.935374279715404], [-97.8351472611433, 29.9359869980462], [-97.836434705355, 29.9376943153686], [-97.83656720645607, 29.938517542735994], [-97.83282836471926, 29.935374279715404]]], [[[-97.8423593659095, 29.9416735599489], [-97.8436448764052, 29.9420755536618], [-97.84475127712318, 29.942946194760832], [-97.84372235386382, 29.94388872211838], [-97.84323720089918, 29.943464442604473], [-97.8427794373488, 29.94387126426169], [-97.84027419562008, 29.941712238494343], [-97.8423593659095, 29.9416735599489]]]]}}, {"type": "Feature", "properties": {"AREASYMBOL": "TX604", "SPATIALVER": 4, "MUSYM": "ByB", "MUKEY": "378712", "muname": "Branyon clay, 1 to 3 percent slopes"}, "geometry": {"type": "MultiPolygon", "coordinates": [[[[-97.84483137135159, 29.943009221949726], [-97.8457144674873, 29.9446628515796], [-97.8464733636117, 29.9455811961398], [-97.84769716111391, 29.94808209604045], [-97.84356554844867, 29.94432312643943], [-97.84483137135159, 29.943009221949726]]], [[[-97.8495353116193, 29.9495443121499], [-97.8502726676011, 29.9495435534953], [-97.8508190701484, 29.9491205591595], [-97.8529509589784, 29.9512306908651], [-97.8538797913709, 29.9525517227245], [-97.85428705624936, 29.953698020362648], [-97.84900184635937, 29.949213943007006], [-97.8495353116193, 29.9495443121499]]]]}}, {"type": "Feature", "properties": {"AREASYMBOL": "TX604", "SPATIALVER": 4, "MUSYM": "CrD", "MUKEY": "378715", "muname": "Comfort-Rock outcrop complex, 1 to 8 percent slopes"}, "geometry": {"type": "Polygon", "coordinates": [[[-97.8844913371492, 30.0554185393874], [-97.8835187819265, 30.0581208355306], [-97.8831203280209, 30.0584530192719], [-97.88264114008138, 30.058403213596172], [-97.88041851846599, 30.0555053712431], [-97.88118846672361, 30.05019177000387], [-97.8816973769195, 30.050183305362765], [-97.88316148634432, 30.05214977225007], [-97.88414312336161, 30.05302991019686], [-97.88632729418627, 30.05383874320148], [-97.8844913371492, 30.0554185393874]]]}}, {"type": "Feature", "properties": {"AREASYMBOL": "TX604", "SPATIALVER": 4, "MUSYM": "BtG", "MUKEY": "378709", "muname": "Brackett-Rock outcrop-Real complex, 8 to 30 percent slopes"}, "geometry": {"type": "MultiPolygon", "coordinates": [[[[-98.027681702204, 29.9917238389351], [-98.0274899454493, 29.990972057748], [-98.02760781668482, 29.99077091345979], [-98.02819737942296, 29.992349656818025], [-98.027681702204, 29.9917238389351]]], [[[-98.0234963031977, 29.9866663022017], [-98.0223804001341, 29.9869429274379], [-98.0223388510273, 29.9872375398597], [-98.0256515146066, 29.9888275363542], [-98.0266663676499, 29.9900553169837], [-98.0266257501151, 29.9909366949214], [-98.026374643832, 29.9913595757301], [-98.02483837652922, 29.99255274022649], [-98.02336324213103, 29.991099877426812], [-98.02281320594368, 29.987966091191257], [-98.02218865443184, 29.987236620470416], [-98.0221425992731, 29.98603800135728], [-98.0240644121211, 29.9860960436219], [-98.02719555296805, 29.98543957579561], [-98.02708166469279, 29.987251409432552], [-98.0234963031977, 29.9866663022017]]]]}}, {"type": "Feature", "properties": {"AREASYMBOL": "TX604", "SPATIALVER": 4, "MUSYM": "RUD", "MUKEY": "393481", "muname": "Rumple-Comfort, rubbly association, 1 to 8 percent slopes"}, "geometry": {"type": "Polygon", "coordinates": [[[-97.9534606171916, 29.9183338164299], [-97.9534688651063, 29.918216803177536], [-97.95353875298026, 29.918235160899176], [-97.9534606171916, 29.9183338164299]]]}}, {"type": "Feature", "properties": {"AREASYMBOL": "TX604", "SPATIALVER": 4, "MUSYM": "CrD", "MUKEY": "378715", "muname": "Comfort-Rock outcrop complex, 1 to 8 percent slopes"}, "geometry": {"type": "MultiPolygon", "coordinates": [[[[-97.9543485531635, 29.922168181159], [-97.9550369297825, 29.9224731894051], [-97.95600664710237, 29.923313750413442], [-97.95510601694764, 29.923988031641596], [-97.95391173621857, 29.922277172392803], [-97.9543485531635, 29.922168181159]]], [[[-97.9534606171916, 29.9183338164299], [-97.95249770225806, 29.920208341854746], [-97.95215838627408, 29.919891380967417], [-97.9534606171916, 29.9183338164299]]]]}}, {"type": "Feature", "properties": {"AREASYMBOL": "TX604", "SPATIALVER": 4, "MUSYM": "CrD", "MUKEY": "378715", "muname": "Comfort-Rock outcrop complex, 1 to 8 percent slopes"}, "geometry": {"type": "MultiPolygon", "coordinates": [[[[-98.0130315077148, 29.9632818664183], [-98.0139790253833, 29.9627479106426], [-98.016042639922, 29.9624683034748], [-98.0185659686038, 29.9604999353699], [-98.0193252171942, 29.9611773013481], [-98.0197719722869, 29.9630304669289], [-98.0217956465194, 29.9635771813648], [-98.0221544602709, 29.9638698143297], [-98.0227466841418, 29.9647133961153], [-98.0227497631544, 29.9656859573515], [-98.02158045471784, 29.967901429297655], [-98.02150220329241, 29.964648529880257], [-98.01181332452094, 29.964863345760246], [-98.0130315077148, 29.9632818664183]]], [[[-98.0219671773425, 29.9732505425383], [-98.02171491588474, 29.973086124560112], [-98.02169451834847, 29.97238188766751], [-98.0219671773425, 29.9732505425383]]]]}}, {"type": "Feature", "properties": {"AREASYMBOL": "TX604", "SPATIALVER": 4, "MUSYM": "CrD", "MUKEY": "378715", "muname": "Comfort-Rock outcrop complex, 1 to 8 percent slopes"}, "geometry": {"type": "Polygon", "coordinates": [[[-97.9991123243138, 29.9654382938324], [-97.9995790146668, 29.966290598708], [-98.000948156059, 29.9671408126936], [-98.0047861134226, 29.9685839636461], [-98.0060292858138, 29.9687288249344], [-98.0072710620525, 29.9681760163325], [-98.00964999413, 29.96767531323], [-98.01074790235752, 29.966604857909054], [-98.01091293554401, 29.975870441331445], [-98.006976747955, 29.976416133712434], [-98.00670450486874, 29.976801858851466], [-98.00459407978835, 29.975315029143356], [-98.00378515527522, 29.974680371092617], [-98.0051560381457, 29.9739062061816], [-98.0057853410828, 29.9724371223796], [-98.0076566127177, 29.9708920534066], [-98.0072555611873, 29.9706533353617], [-98.0054442344375, 29.9709506757374], [-98.0037420091776, 29.972495312782], [-98.002780899264, 29.97283928230629], [-98.00325723016927, 29.972409446913908], [-98.00263950591454, 29.96920944710733], [-98.00105251313506, 29.968072933288866], [-97.99946689143823, 29.967684390725335], [-97.998685216582, 29.967040581267046], [-97.99414126356882, 29.97118927347337], [-97.9940799886218, 29.971716800559605], [-97.99335340881896, 29.972377834523986], [-97.99197628447506, 29.97023870284364], [-97.99879652791711, 29.964069587339097], [-97.9991123243138, 29.9654382938324]]]}}, {"type": "Feature", "properties": {"AREASYMBOL": "TX604", "SPATIALVER": 4, "MUSYM": "CrD", "MUKEY": "378715", "muname": "Comfort-Rock outcrop complex, 1 to 8 percent slopes"}, "geometry": {"type": "Polygon", "coordinates": [[[-98.02150220329241, 29.964648529880257], [-98.02157856539694, 29.967814997489185], [-98.01523440513536, 29.967884295824184], [-98.01535565708745, 29.964784890449014], [-98.02150220329241, 29.964648529880257]]]}}, {"type": "Feature", "properties": {"AREASYMBOL": "TX604", "SPATIALVER": 4, "MUSYM": "CrD", "MUKEY": "378715", "muname": "Comfort-Rock outcrop complex, 1 to 8 percent slopes"}, "geometry": {"type": "Polygon", "coordinates": [[[-98.02157857060358, 29.967814994820497], [-98.0204646420536, 29.9704812902935], [-98.0206559585952, 29.9710501413632], [-98.0216273642825, 29.9721679438484], [-98.02171491588474, 29.973086124560112], [-98.0207232498146, 29.9728670074901], [-98.0192717120802, 29.973623043768], [-98.0187463845024, 29.9744133446986], [-98.0187285212884, 29.9754223259709], [-98.0202678135517, 29.9763006945982], [-98.020395625593, 29.976520975281], [-98.0201861863313, 29.9770350270616], [-98.0181862085932, 29.977810183459], [-98.0171146545701, 29.9791333460498], [-98.0163771717674, 29.97909827076], [-98.01595769590777, 29.979477323019648], [-98.0159514477548, 29.979267294960444], [-98.01509497552222, 29.979246250925396], [-98.0145999782044, 29.978717477106745], [-98.0139168151101, 29.9785710005216], [-98.01376353649678, 29.967900315589745], [-98.02157857060358, 29.967814994820497]]]}}, {"type": "Feature", "properties": {"AREASYMBOL": "TX604", "SPATIALVER": 4, "MUSYM": "HeD3", "MUKEY": "390701", "muname": "Heiden clay, 5 to 8 percent slopes, eroded"}, "geometry": {"type": "Polygon", "coordinates": [[[-97.7861027226416, 30.0551166608484], [-97.7852192590405, 30.0542154687201], [-97.78503307833464, 30.05360352706543], [-97.78632277704035, 30.05359443636853], [-97.7865089612409, 30.05508721950573], [-97.7861027226416, 30.0551166608484]]]}}, {"type": "Feature", "properties": {"AREASYMBOL": "TX604", "SPATIALVER": 4, "MUSYM": "HeC3", "MUKEY": "390700", "muname": "Heiden clay, 3 to 5 percent slopes, eroded"}, "geometry": {"type": "Polygon", "coordinates": [[[-97.79342215123077, 30.0593156272118], [-97.7927079795712, 30.058425847437167], [-97.7926691303396, 30.056828353858027], [-97.7930134781343, 30.0568907808544], [-97.7943186934333, 30.0580319184553], [-97.7964887417861, 30.0584946866455], [-97.7968257806173, 30.0588072713298], [-97.7969920467978, 30.0599084809968], [-97.7986455825836, 30.06094320005374], [-97.79818976723371, 30.0609937908546], [-97.79741145324134, 30.060267547711828], [-97.79678605378135, 30.060299329798852], [-97.79676802600305, 30.05923400724751], [-97.79342215123077, 30.0593156272118]]]}}, {"type": "Feature", "properties": {"AREASYMBOL": "TX604", "SPATIALVER": 4, "MUSYM": "PuC", "MUKEY": "393480", "muname": "Purves clay, 1 to 5 percent slopes"}, "geometry": {"type": "Polygon", "coordinates": [[[-97.889595421015, 30.055925362731], [-97.8893989361532, 30.0580006026899], [-97.8889613835285, 30.0588462613768], [-97.8881223330369, 30.0594374953497], [-97.8866050821467, 30.0594816715316], [-97.8864717297905, 30.0585097813944], [-97.8868423060619, 30.0571867523747], [-97.8888740095122, 30.0552132468234], [-97.8899261768858, 30.0549517663394], [-97.889595421015, 30.055925362731]]]}}, {"type": "Feature", "properties": {"AREASYMBOL": "TX604", "SPATIALVER": 4, "MUSYM": "MED", "MUKEY": "393474", "muname": "Medlin, warm-Eckrant association, 8 to 30 percent slopes"}, "geometry": {"type": "MultiPolygon", "coordinates": [[[[-97.88769953330815, 30.05400927887606], [-97.8851932367374, 30.0563689350408], [-97.8847640319865, 30.0584445644523], [-97.8843891162956, 30.0590340880844], [-97.88337042957903, 30.059354057401233], [-97.88263890973205, 30.058400305678486], [-97.8832249759001, 30.0583971479658], [-97.8835187819265, 30.0581208355306], [-97.8847632852444, 30.0550497742623], [-97.8862698278026, 30.053835506938725], [-97.88769953330815, 30.05400927887606]]], [[[-97.8818260872841, 30.0571198763197], [-97.88251446531665, 30.058238055705267], [-97.88158511850952, 30.05702637823406], [-97.8818260872841, 30.0571198763197]]]]}}, {"type": "Feature", "properties": {"AREASYMBOL": "TX604", "SPATIALVER": 4, "MUSYM": "CrD", "MUKEY": "378715", "muname": "Comfort-Rock outcrop complex, 1 to 8 percent slopes"}, "geometry": {"type": "Polygon", "coordinates": [[[-97.8982219994459, 30.0504328996954], [-97.8970267288363, 30.0514665762024], [-97.8957456971205, 30.0520231811091], [-97.89784436120534, 30.049569885140684], [-97.89889714064228, 30.047872117688076], [-97.89897838179981, 30.048805246425054], [-97.8982219994459, 30.0504328996954]]]}}, {"type": "Feature", "properties": {"AREASYMBOL": "TX604", "SPATIALVER": 4, "MUSYM": "RaD", "MUKEY": "393482", "muname": "Real gravelly loam, 1 to 8 percent slopes"}, "geometry": {"type": "Polygon", "coordinates": [[[-97.8965625748081, 29.9792499769892], [-97.89505832994068, 29.97754966097825], [-97.89396087931877, 29.976983929255667], [-97.89511922520497, 29.97748445568521], [-97.8985093643795, 29.981461922738905], [-97.89828380722027, 29.981739128090624], [-97.89592302145115, 29.981134752612483], [-97.8965625748081, 29.9792499769892]]]}}, {"type": "Feature", "properties": {"AREASYMBOL": "TX604", "SPATIALVER": 4, "MUSYM": "RaD", "MUKEY": "393482", "muname": "Real gravelly loam, 1 to 8 percent slopes"}, "geometry": {"type": "Polygon", "coordinates": [[[-97.89474041958611, 29.97810052096891], [-97.89450908128337, 29.978739814501232], [-97.89343232026243, 29.978444485386113], [-97.89366366569116, 29.977805193651044], [-97.89474041958611, 29.97810052096891]]]}}, {"type": "Feature", "properties": {"AREASYMBOL": "TX604", "SPATIALVER": 4, "MUSYM": "RaD", "MUKEY": "393482", "muname": "Real gravelly loam, 1 to 8 percent slopes"}, "geometry": {"type": "Polygon", "coordinates": [[[-97.89275643361694, 29.98031215682622], [-97.89343232026243, 29.978444485386113], [-97.89450908128337, 29.978739814501232], [-97.89474041958611, 29.97810052096891], [-97.89366366569116, 29.977805193651044], [-97.89393204239958, 29.977063560915308], [-97.89505833095735, 29.97754966279101], [-97.89656257377189, 29.979249976980675], [-97.89592302145115, 29.981134752612483], [-97.89828380722027, 29.981739128090624], [-97.89584241313372, 29.984254855389718], [-97.89491735822261, 29.984250753145083], [-97.89491963540193, 29.984057863491817], [-97.89414453361775, 29.98394588980043], [-97.89462854624905, 29.981461827617274], [-97.89305732725056, 29.981227124378382], [-97.89275643361694, 29.98031215682622]]]}}, {"type": "Feature", "properties": {"AREASYMBOL": "TX604", "SPATIALVER": 4, "MUSYM": "PuC", "MUKEY": "393480", "muname": "Purves clay, 1 to 5 percent slopes"}, "geometry": {"type": "MultiPolygon", "coordinates": [[[[-97.9502582351413, 30.1123417436647], [-97.9499815796665, 30.1120682282378], [-97.949143112768, 30.11191610969721], [-97.94642921521248, 30.109341008792896], [-97.9485367705865, 30.1105143040886], [-97.95191573527, 30.1111588257765], [-97.952445961133, 30.1116521926842], [-97.9528555625273, 30.1128433531024], [-97.9535764644766, 30.1134450505524], [-97.9548030502333, 30.1138980534253], [-97.9568914883974, 30.1140157665377], [-97.9571903230875, 30.1145655035301], [-97.9558002514291, 30.1147561231072], [-97.9530943143912, 30.1137969621727], [-97.9509411652394, 30.113626685124533], [-97.95022184088289, 30.112942356614603], [-97.9502582351413, 30.1123417436647]]], [[[-97.9438793438238, 30.1049200671827], [-97.9444711239389, 30.1051195252396], [-97.9448751017405, 30.105594448795], [-97.9450296793488, 30.106640594619], [-97.9454134116457, 30.1072258090907], [-97.9455188105672, 30.10848004094504], [-97.94234032929036, 30.105474697255854], [-97.9438793438238, 30.1049200671827]]]]}}, {"type": "Feature", "properties": {"AREASYMBOL": "TX604", "SPATIALVER": 4, "MUSYM": "ByB", "MUKEY": "378712", "muname": "Branyon clay, 1 to 3 percent slopes"}, "geometry": {"type": "Polygon", "coordinates": [[[-97.8564535115436, 29.9445963868306], [-97.8576776547779, 29.9461377439918], [-97.8578065482023, 29.947349756318], [-97.8573655297453, 29.9480297023588], [-97.8563546519898, 29.947718759072], [-97.8538215348593, 29.9449664632243], [-97.8550638944234, 29.9447813303833], [-97.8553789733484, 29.9445425163548], [-97.8553989396061, 29.9440463980835], [-97.8564535115436, 29.9445963868306]]]}}, {"type": "Feature", "properties": {"AREASYMBOL": "TX604", "SPATIALVER": 4, "MUSYM": "ByA", "MUKEY": "378710", "muname": "Branyon clay, 0 to 1 percent slopes"}, "geometry": {"type": "Polygon", "coordinates": [[[-97.8318576975771, 29.9337687673029], [-97.83051148682719, 29.93349870536442], [-97.82751239394733, 29.931026933044606], [-97.8305496794297, 29.9320617281463], [-97.8329316940505, 29.9337120003201], [-97.8318576975771, 29.9337687673029]]]}}, {"type": "Feature", "properties": {"AREASYMBOL": "TX604", "SPATIALVER": 4, "MUSYM": "HoB", "MUKEY": "390703", "muname": "Houston Black clay, 1 to 3 percent slopes"}, "geometry": {"type": "Polygon", "coordinates": [[[-97.7938992997389, 30.057131305011], [-97.7946793571509, 30.0571879129148], [-97.796094602017, 30.0559418065391], [-97.7964943333245, 30.0560343785845], [-97.7960911224625, 30.0571170017418], [-97.7964887417861, 30.0584946866455], [-97.7943186934333, 30.0580319184553], [-97.7930134781343, 30.0568907808544], [-97.79279309169377, 30.05567109202195], [-97.79401089822473, 30.05564179530045], [-97.7938992997389, 30.057131305011]]]}}, {"type": "Feature", "properties": {"AREASYMBOL": "TX604", "SPATIALVER": 4, "MUSYM": "RUD", "MUKEY": "393481", "muname": "Rumple-Comfort, rubbly association, 1 to 8 percent slopes"}, "geometry": {"type": "Polygon", "coordinates": [[[-97.9963585924666, 29.9794826362462], [-97.9944519385695, 29.9799663056026], [-97.99417535774974, 29.979577955944926], [-97.99685323894457, 29.9782768576815], [-97.99840151390838, 29.97854415382271], [-97.99681070704997, 29.979779171145776], [-97.9963585924666, 29.9794826362462]]]}}, {"type": "Feature", "properties": {"AREASYMBOL": "TX604", "SPATIALVER": 4, "MUSYM": "RUD", "MUKEY": "393481", "muname": "Rumple-Comfort, rubbly association, 1 to 8 percent slopes"}, "geometry": {"type": "MultiPolygon", "coordinates": [[[[-97.9919763935593, 29.9702467633574], [-97.99335340881896, 29.972377834523986], [-97.99265245301658, 29.973064564485014], [-97.99100281422588, 29.97111914745268], [-97.9919763935593, 29.9702467633574]]], [[[-98.0037420091776, 29.972495312782], [-98.0054442344375, 29.9709506757374], [-98.0072555611873, 29.9706533353617], [-98.0076566127177, 29.9708920534066], [-98.0057853410828, 29.9724371223796], [-98.0051560381457, 29.9739062061816], [-98.00378515527522, 29.974680371092617], [-98.00215703420524, 29.973402250779177], [-98.002780899264, 29.97283928230629], [-98.0037420091776, 29.972495312782]]]]}}, {"type": "Feature", "properties": {"AREASYMBOL": "TX604", "SPATIALVER": 4, "MUSYM": "BoB", "MUKEY": "378705", "muname": "Boerne fine sandy loam, 1 to 3 percent slopes, rarely flooded"}, "geometry": {"type": "Polygon", "coordinates": [[[-98.0267955365488, 29.9830610385017], [-98.0247764127593, 29.9844973616296], [-98.02213129546459, 29.98579104286971], [-98.02211576470432, 29.98545200855158], [-98.0256577794554, 29.9828252251556], [-98.0270047674938, 29.9824550443753], [-98.0267955365488, 29.9830610385017]]]}}, {"type": "Feature", "properties": {"AREASYMBOL": "TX604", "SPATIALVER": 4, "MUSYM": "HeB", "MUKEY": "390699", "muname": "Heiden clay, 1 to 3 percent slopes"}, "geometry": {"type": "Polygon", "coordinates": [[[-97.8548702573437, 29.9134845451133], [-97.85439603224482, 29.91383622430894], [-97.85367857455681, 29.913227971804712], [-97.85491455044593, 29.912346317456315], [-97.8548702573437, 29.9134845451133]]]}}, {"type": "Feature", "properties": {"AREASYMBOL": "TX604", "SPATIALVER": 4, "MUSYM": "MED", "MUKEY": "393474", "muname": "Medlin, warm-Eckrant association, 8 to 30 percent slopes"}, "geometry": {"type": "MultiPolygon", "coordinates": [[[[-97.9410209483158, 29.9300709159445], [-97.94144970085968, 29.93019362594233], [-97.94103705556866, 29.930562083263876], [-97.9410209483158, 29.9300709159445]]], [[[-97.9404500345627, 29.929779281778295], [-97.93950625039204, 29.929877140613957], [-97.93976582640228, 29.929495689484437], [-97.9404500345627, 29.929779281778295]]]]}}, {"type": "Feature", "properties": {"AREASYMBOL": "TX604", "SPATIALVER": 4, "MUSYM": "CrD", "MUKEY": "378715", "muname": "Comfort-Rock outcrop complex, 1 to 8 percent slopes"}, "geometry": {"type": "Polygon", "coordinates": [[[-97.98889601612571, 29.988365511229638], [-97.98852551542082, 29.988734248394348], [-97.98739353511851, 29.987765266235417], [-97.9875582554042, 29.987220381180794], [-97.98889601612571, 29.988365511229638]]]}}, {"type": "Feature", "properties": {"AREASYMBOL": "TX604", "SPATIALVER": 4, "MUSYM": "KrA", "MUKEY": "390706", "muname": "Krum clay, 0 to 1 percent slopes"}, "geometry": {"type": "Polygon", "coordinates": [[[-97.8429160096751, 29.9355750421255], [-97.8428935964071, 29.9348957394038], [-97.8439638145801, 29.9334615344203], [-97.8440876194331, 29.9319008583312], [-97.8452014008093, 29.9309806193333], [-97.8456698230698, 29.9336617045445], [-97.8461144144373, 29.9346719173431], [-97.85032115493762, 29.937832942893326], [-97.84867987343917, 29.939341149738016], [-97.8472817536328, 29.9392990686165], [-97.8456595330298, 29.9385845978469], [-97.8429160096751, 29.9355750421255]]]}}, {"type": "Feature", "properties": {"AREASYMBOL": "TX604", "SPATIALVER": 4, "MUSYM": "KrA", "MUKEY": "390706", "muname": "Krum clay, 0 to 1 percent slopes"}, "geometry": {"type": "Polygon", "coordinates": [[[-97.85058660895, 29.9385607873319], [-97.850397817115, 29.9389281601117], [-97.8496403621505, 29.9393700588787], [-97.84882205433966, 29.939345429150784], [-97.85039591229408, 29.937901038065096], [-97.85058660895, 29.9385607873319]]]}}, {"type": "Feature", "properties": {"AREASYMBOL": "TX604", "SPATIALVER": 4, "MUSYM": "HoB", "MUKEY": "390703", "muname": "Houston Black clay, 1 to 3 percent slopes"}, "geometry": {"type": "Polygon", "coordinates": [[[-97.790902044125, 29.9977257560327], [-97.79043443430706, 29.99797237846564], [-97.79087070855408, 29.997579365625615], [-97.790902044125, 29.9977257560327]]]}}, {"type": "Feature", "properties": {"AREASYMBOL": "TX604", "SPATIALVER": 4, "MUSYM": "HeD3", "MUKEY": "390701", "muname": "Heiden clay, 5 to 8 percent slopes, eroded"}, "geometry": {"type": "Polygon", "coordinates": [[[-97.7997819726206, 30.0567004308522], [-97.799569685384, 30.057250935887], [-97.7990856614767, 30.0571029859244], [-97.7989185847827, 30.0562036500258], [-97.79931251749733, 30.05551283192252], [-97.80106034455429, 30.055468771318314], [-97.7997819726206, 30.0567004308522]]]}}, {"type": "Feature", "properties": {"AREASYMBOL": "TX604", "SPATIALVER": 4, "MUSYM": "HeD3", "MUKEY": "390701", "muname": "Heiden clay, 5 to 8 percent slopes, eroded"}, "geometry": {"type": "Polygon", "coordinates": [[[-97.802842327314, 30.0550901379635], [-97.80106034455429, 30.055468771318314], [-97.79931251749733, 30.05551283192252], [-97.7997657071786, 30.0547180981408], [-97.8007991477311, 30.0542054544704], [-97.8017060430079, 30.0543176019604], [-97.80187952720033, 30.054036055813828], [-97.80285140490265, 30.0540138615276], [-97.80315728975714, 30.054726000107582], [-97.802842327314, 30.0550901379635]]]}}, {"type": "Feature", "properties": {"AREASYMBOL": "TX604", "SPATIALVER": 4, "MUSYM": "HeC3", "MUKEY": "390700", "muname": "Heiden clay, 3 to 5 percent slopes, eroded"}, "geometry": {"type": "Polygon", "coordinates": [[[-97.78463830983738, 29.98249246277703], [-97.7836933317945, 29.9814044924821], [-97.78335591111912, 29.98154794453595], [-97.7825365068817, 29.981041484226907], [-97.77954071112056, 29.97847852726099], [-97.7797919916728, 29.978064618199], [-97.7809297891845, 29.9781001769658], [-97.7823208176756, 29.9792934170424], [-97.7840726688587, 29.978987250112237], [-97.78957988447505, 29.983463444180263], [-97.79101354386277, 29.98414724061724], [-97.79303765463597, 29.98464548805638], [-97.7932001019285, 29.9853843298748], [-97.7924636941033, 29.9860642793231], [-97.79153697436986, 29.98838117996621], [-97.79066747442995, 29.989146806104866], [-97.79054286101774, 29.988693346919252], [-97.7910979873279, 29.9882498149662], [-97.7904859327072, 29.987920038743], [-97.79030514373947, 29.988049315231976], [-97.7888973703646, 29.985947598244795], [-97.78463830983738, 29.98249246277703]], [[-97.7913663288668, 29.984980841124], [-97.7916198768306, 29.9854769223833], [-97.7918932414647, 29.9851650935599], [-97.7916605916238, 29.984723651003], [-97.7913663288668, 29.984980841124]]]}}, {"type": "Feature", "properties": {"AREASYMBOL": "TX604", "SPATIALVER": 4, "MUSYM": "ByB", "MUKEY": "378712", "muname": "Branyon clay, 1 to 3 percent slopes"}, "geometry": {"type": "Polygon", "coordinates": [[[-97.8595738722758, 29.9561083852263], [-97.8589823268956, 29.9555397494993], [-97.8601400030846, 29.9553181471072], [-97.8607708205578, 29.9548215603762], [-97.8612962732697, 29.9540680618836], [-97.861314367489, 29.9530762145751], [-97.8607657723084, 29.9522499540794], [-97.8580655230061, 29.9504714386241], [-97.8594115242163, 29.9494047256254], [-97.8612850994164, 29.9492926181294], [-97.8630771359497, 29.9499336421223], [-97.8639818719941, 29.9499506708865], [-97.8645093151363, 29.9502986339209], [-97.86533644883927, 29.95189894617966], [-97.86038549839533, 29.956364045288602], [-97.8595738722758, 29.9561083852263]]]}}, {"type": "Feature", "properties": {"AREASYMBOL": "TX604", "SPATIALVER": 4, "MUSYM": "ByA", "MUKEY": "378710", "muname": "Branyon clay, 0 to 1 percent slopes"}, "geometry": {"type": "Polygon", "coordinates": [[[-97.8490664147887, 29.9367070334306], [-97.8463252337918, 29.9349649283848], [-97.8456698230698, 29.9336617045445], [-97.8452014008093, 29.9309806193333], [-97.845871089927, 29.9288869742949], [-97.8459313013107, 29.9276374519655], [-97.8461623507351, 29.927398270948], [-97.8498463380799, 29.9269898206313], [-97.8506680537137, 29.9272463444253], [-97.8538315206552, 29.9299791078155], [-97.8551390979479, 29.9305843271344], [-97.85837794851822, 29.930437869342736], [-97.85032115493762, 29.937832942893326], [-97.8490664147887, 29.9367070334306]]]}}, {"type": "Feature", "properties": {"AREASYMBOL": "TX604", "SPATIALVER": 4, "MUSYM": "ByA", "MUKEY": "378710", "muname": "Branyon clay, 0 to 1 percent slopes"}, "geometry": {"type": "Polygon", "coordinates": [[[-97.8721249694917, 29.937450335064], [-97.87127178331244, 29.938465774652215], [-97.8676358538919, 29.93554946073602], [-97.86714628040805, 29.93597828827099], [-97.87080970925663, 29.939276078169552], [-97.8691269002338, 29.9434420497579], [-97.8691499530957, 29.9440483117497], [-97.8709616416206, 29.9447808219124], [-97.8713843396941, 29.9451287455894], [-97.8715119708845, 29.9459558647618], [-97.870293732612, 29.9470223557302], [-97.8686519194648, 29.9473370816344], [-97.86820950108, 29.9472635159024], [-97.8675339697325, 29.9466954489971], [-97.8653574434647, 29.9434469431878], [-97.8641128757486, 29.9422918183187], [-97.8611411640299, 29.9408803452681], [-97.8592627397606, 29.9392482782987], [-97.8579149570689, 29.938937666443], [-97.8559787342694, 29.9394356959691], [-97.8542716344879, 29.9385929873795], [-97.8527129082109, 29.9386311367393], [-97.8514063173307, 29.9377509448682], [-97.85039776360692, 29.937899338992747], [-97.85868321862264, 29.930424065314305], [-97.8623191160781, 29.9307587955399], [-97.8629072182401, 29.9301700443564], [-97.8622103034893, 29.9293814352699], [-97.86086468319766, 29.92846099954022], [-97.8624888682355, 29.9272099602102], [-97.86276469505621, 29.92723007796447], [-97.87045176539175, 29.9336475410644], [-97.87117974465467, 29.937303292885872], [-97.87254790749256, 29.936158467074662], [-97.8721249694917, 29.937450335064]]]}}, {"type": "Feature", "properties": {"AREASYMBOL": "TX604", "SPATIALVER": 4, "MUSYM": "MEC", "MUKEY": "393473", "muname": "Medlin, warm-Eckrant association, 1 to 8 percent slopes"}, "geometry": {"type": "Polygon", "coordinates": [[[-97.8923642044602, 30.0538570524358], [-97.89228817813238, 30.05370784335943], [-97.89250941622873, 30.053642412073405], [-97.8923642044602, 30.0538570524358]]]}}, {"type": "Feature", "properties": {"AREASYMBOL": "TX604", "SPATIALVER": 4, "MUSYM": "ByA", "MUKEY": "378710", "muname": "Branyon clay, 0 to 1 percent slopes"}, "geometry": {"type": "Polygon", "coordinates": [[[-97.8351472611433, 29.9359869980462], [-97.83282836471926, 29.935374279715404], [-97.83190833637113, 29.93462951323923], [-97.8339655243821, 29.9346483752733], [-97.8348509847246, 29.9352527985987], [-97.8351472611433, 29.9359869980462]]]}}, {"type": "Feature", "properties": {"AREASYMBOL": "TX604", "SPATIALVER": 4, "MUSYM": "HeD3", "MUKEY": "390701", "muname": "Heiden clay, 5 to 8 percent slopes, eroded"}, "geometry": {"type": "Polygon", "coordinates": [[[-97.7845299598414, 30.0605106042612], [-97.78471078433108, 30.060496914970617], [-97.784705807948, 30.060792779323506], [-97.7845299598414, 30.0605106042612]]]}}, {"type": "Feature", "properties": {"AREASYMBOL": "TX604", "SPATIALVER": 4, "MUSYM": "HeD3", "MUKEY": "390701", "muname": "Heiden clay, 5 to 8 percent slopes, eroded"}, "geometry": {"type": "Polygon", "coordinates": [[[-97.7862000556439, 30.058843241764], [-97.78656858486451, 30.060461199002837], [-97.78451894688563, 30.06050181224099], [-97.7835620028706, 30.0597378510213], [-97.78314017220598, 30.058977179670755], [-97.78361856080483, 30.05884558242426], [-97.78409878190884, 30.058315717513878], [-97.78332833823828, 30.05781557251691], [-97.78250037270585, 30.058234603244202], [-97.78227979649472, 30.05809712230211], [-97.78168394925856, 30.057009402208497], [-97.78155395191223, 30.055865844065504], [-97.78102849827805, 30.054983201749703], [-97.78167164363012, 30.054393702313874], [-97.7823689749341, 30.0560462411111], [-97.782576375196, 30.05757035907], [-97.7829132074614, 30.0578280180102], [-97.7833770125767, 30.0578105520041], [-97.7850675351034, 30.056032919761], [-97.78652041241848, 30.056119333788754], [-97.7862000556439, 30.058843241764]]]}}, {"type": "Feature", "properties": {"AREASYMBOL": "TX604", "SPATIALVER": 4, "MUSYM": "HeD3", "MUKEY": "390701", "muname": "Heiden clay, 5 to 8 percent slopes, eroded"}, "geometry": {"type": "Polygon", "coordinates": [[[-97.8031063509607, 30.0501157346779], [-97.8023673040508, 30.0505550692282], [-97.8029562767051, 30.0510878895048], [-97.80268739750232, 30.051612578516465], [-97.79989042125324, 30.05161069665262], [-97.8001533269165, 30.0509735994265], [-97.8017122343659, 30.0514165761984], [-97.8020709336257, 30.051105168978], [-97.80225787337892, 30.050378988894206], [-97.80309016812355, 30.049845551914565], [-97.8031063509607, 30.0501157346779]]]}}, {"type": "Feature", "properties": {"AREASYMBOL": "TX604", "SPATIALVER": 4, "MUSYM": "CrD", "MUKEY": "378715", "muname": "Comfort-Rock outcrop complex, 1 to 8 percent slopes"}, "geometry": {"type": "Polygon", "coordinates": [[[-97.9404500345627, 29.929779281778295], [-97.9410209483158, 29.9300709159445], [-97.94103705556866, 29.930562083263876], [-97.94068132009124, 29.93087972493831], [-97.93965719558442, 29.930005928960572], [-97.9404500345627, 29.929779281778295]]]}}, {"type": "Feature", "properties": {"AREASYMBOL": "TX604", "SPATIALVER": 4, "MUSYM": "DeB", "MUKEY": "378716", "muname": "Denton silty clay, 1 to 3 percent slopes"}, "geometry": {"type": "Polygon", "coordinates": [[[-97.93505784219478, 29.921373788639098], [-97.93504373338446, 29.920771852299236], [-97.93533932108308, 29.921187940808636], [-97.93505784219478, 29.921373788639098]]]}}, {"type": "Feature", "properties": {"AREASYMBOL": "TX604", "SPATIALVER": 4, "MUSYM": "HeD3", "MUKEY": "390701", "muname": "Heiden clay, 5 to 8 percent slopes, eroded"}, "geometry": {"type": "Polygon", "coordinates": [[[-97.8569416590714, 29.9171373024696], [-97.8575696095654, 29.9156491132896], [-97.8574630969648, 29.9150613583755], [-97.857127019458, 29.9150986224436], [-97.8563714007264, 29.916072435126], [-97.85517323737325, 29.915980682566822], [-97.8562797322206, 29.915083118996687], [-97.85541334097216, 29.91447780649291], [-97.8558190858927, 29.9142364944513], [-97.85610617446275, 29.91329210135053], [-97.85874812125591, 29.915674133058996], [-97.8569416590714, 29.9171373024696]]]}}, {"type": "Feature", "properties": {"AREASYMBOL": "TX604", "SPATIALVER": 4, "MUSYM": "ByA", "MUKEY": "378710", "muname": "Branyon clay, 0 to 1 percent slopes"}, "geometry": {"type": "Polygon", "coordinates": [[[-97.7713866386122, 30.014081701847], [-97.77158724394401, 30.012324562916124], [-97.77182318201606, 30.01200124918309], [-97.7730949697513, 30.0132591215444], [-97.7733666942352, 30.0143605661366], [-97.77330765303391, 30.016493966033938], [-97.77093086993398, 30.014438827387558], [-97.7713866386122, 30.014081701847]]]}}, {"type": "Feature", "properties": {"AREASYMBOL": "TX604", "SPATIALVER": 4, "MUSYM": "HeD3", "MUKEY": "390701", "muname": "Heiden clay, 5 to 8 percent slopes, eroded"}, "geometry": {"type": "Polygon", "coordinates": [[[-97.7930724173511, 30.0588372577211], [-97.79339586035255, 30.059316268325308], [-97.79278755894904, 30.059331101996662], [-97.7930724173511, 30.0588372577211]]]}}, {"type": "Feature", "properties": {"AREASYMBOL": "TX604", "SPATIALVER": 4, "MUSYM": "KrB", "MUKEY": "393469", "muname": "Krum clay, 1 to 3 percent slopes"}, "geometry": {"type": "Polygon", "coordinates": [[[-97.93506550629822, 29.92136872837683], [-97.93434923522007, 29.921841649904625], [-97.93364786598352, 29.921554137459218], [-97.93307669228581, 29.921967869759317], [-97.93186448367116, 29.919464330300375], [-97.93261324642778, 29.918849434616916], [-97.9338676842287, 29.9207728516308], [-97.9345517948243, 29.921298024693], [-97.9349962358649, 29.9211955006235], [-97.93506550629822, 29.92136872837683]]]}}, {"type": "Feature", "properties": {"AREASYMBOL": "TX604", "SPATIALVER": 4, "MUSYM": "HvD", "MUKEY": "390705", "muname": "Houston Black gravelly clay, 3 to 8 percent slopes"}, "geometry": {"type": "Polygon", "coordinates": [[[-97.8170430020164, 29.9845059361994], [-97.81704806475031, 29.9844991751656], [-97.81709504823193, 29.9845403245103], [-97.8170430020164, 29.9845059361994]]]}}, {"type": "Feature", "properties": {"AREASYMBOL": "TX604", "SPATIALVER": 4, "MUSYM": "HvD", "MUKEY": "390705", "muname": "Houston Black gravelly clay, 3 to 8 percent slopes"}, "geometry": {"type": "Polygon", "coordinates": [[[-97.81722146047541, 29.993935318159394], [-97.8179146207438, 29.994503592419758], [-97.8174188989412, 29.994955721555193], [-97.81689385054099, 29.994525020119333], [-97.81722146047541, 29.993935318159394]]]}}, {"type": "Feature", "properties": {"AREASYMBOL": "TX604", "SPATIALVER": 4, "MUSYM": "HoB", "MUKEY": "390703", "muname": "Houston Black clay, 1 to 3 percent slopes"}, "geometry": {"type": "Polygon", "coordinates": [[[-97.8259432968078, 30.0359757312879], [-97.82591222279227, 30.035758820804908], [-97.82803131785082, 30.03561675664216], [-97.82803795629731, 30.03597415028935], [-97.8259432968078, 30.0359757312879]]]}}, {"type": "Feature", "properties": {"AREASYMBOL": "TX604", "SPATIALVER": 4, "MUSYM": "HoB", "MUKEY": "390703", "muname": "Houston Black clay, 1 to 3 percent slopes"}, "geometry": {"type": "Polygon", "coordinates": [[[-97.82593676670426, 30.036008125633682], [-97.82739298945683, 30.035984582318665], [-97.8274044435198, 30.03631405259263], [-97.82592438677683, 30.036339647992506], [-97.82593676670426, 30.036008125633682]]]}}, {"type": "Feature", "properties": {"AREASYMBOL": "TX604", "SPATIALVER": 4, "MUSYM": "HoB", "MUKEY": "390703", "muname": "Houston Black clay, 1 to 3 percent slopes"}, "geometry": {"type": "Polygon", "coordinates": [[[-97.82806955054834, 30.035973638150665], [-97.82808164613517, 30.036302336249218], [-97.8274044435198, 30.03631405259263], [-97.82739298945683, 30.035984582318665], [-97.82806955054834, 30.035973638150665]]]}}, {"type": "Feature", "properties": {"AREASYMBOL": "TX604", "SPATIALVER": 4, "MUSYM": "HoB", "MUKEY": "390703", "muname": "Houston Black clay, 1 to 3 percent slopes"}, "geometry": {"type": "Polygon", "coordinates": [[[-97.78288424378475, 30.05399664914397], [-97.7830304064864, 30.05411781975923], [-97.7829854312541, 30.0541563428236], [-97.78288424378475, 30.05399664914397]]]}}, {"type": "Feature", "properties": {"AREASYMBOL": "TX604", "SPATIALVER": 4, "MUSYM": "Tn", "MUKEY": "393653", "muname": "Tinn clay, 0 to 1 percent slopes, frequently flooded"}, "geometry": {"type": "Polygon", "coordinates": [[[-97.81696482706444, 29.984426273453987], [-97.8164311478531, 29.984047407709], [-97.81646841583124, 29.983991503695716], [-97.81696482706444, 29.984426273453987]]]}}, {"type": "Feature", "properties": {"AREASYMBOL": "TX604", "SPATIALVER": 4, "MUSYM": "CrD", "MUKEY": "378715", "muname": "Comfort-Rock outcrop complex, 1 to 8 percent slopes"}, "geometry": {"type": "Polygon", "coordinates": [[[-98.02483837652922, 29.99255274022649], [-98.026374643832, 29.9913595757301], [-98.0266257501151, 29.9909366949214], [-98.0266663676499, 29.9900553169837], [-98.0256515146066, 29.9888275363542], [-98.0227618303649, 29.987603783872], [-98.0223388510273, 29.9872375398597], [-98.0223804001341, 29.9869429274379], [-98.0234963031977, 29.9866663022017], [-98.02708166469279, 29.987251409432552], [-98.0274899454493, 29.990972057748], [-98.027681702204, 29.9917238389351], [-98.02840280231513, 29.992791522783147], [-98.02497856237343, 29.992825152846812], [-98.02483837652922, 29.99255274022649]]]}}, {"type": "Feature", "properties": {"AREASYMBOL": "TX604", "SPATIALVER": 4, "MUSYM": "LeA", "MUKEY": "393471", "muname": "Lewisville silty clay, 0 to 1 percent slopes"}, "geometry": {"type": "Polygon", "coordinates": [[[-97.8380934658888, 29.9354885804346], [-97.8373104793984, 29.9334320528972], [-97.8363404982827, 29.9325703546524], [-97.835833182711, 29.9316711286846], [-97.8369673615112, 29.9302187813487], [-97.8363299185484, 29.9290748718849], [-97.83892279975144, 29.93127778218215], [-97.8384685668012, 29.9331006825069], [-97.8393138964982, 29.934789271385], [-97.8380934658888, 29.9354885804346]]]}}, {"type": "Feature", "properties": {"AREASYMBOL": "TX604", "SPATIALVER": 4, "MUSYM": "CrD", "MUKEY": "378715", "muname": "Comfort-Rock outcrop complex, 1 to 8 percent slopes"}, "geometry": {"type": "Polygon", "coordinates": [[[-98.0205020559817, 30.008474662673585], [-98.02192820439566, 30.008039500777613], [-98.02263868770572, 30.009737992641917], [-98.02109342751763, 30.009848333203852], [-98.0205020559817, 30.008474662673585]]]}}, {"type": "Feature", "properties": {"AREASYMBOL": "TX604", "SPATIALVER": 4, "MUSYM": "CrD", "MUKEY": "378715", "muname": "Comfort-Rock outcrop complex, 1 to 8 percent slopes"}, "geometry": {"type": "Polygon", "coordinates": [[[-98.0204499588813, 30.0082439405006], [-98.0197793381361, 30.0071774416125], [-98.02097523776662, 30.006575379490645], [-98.02133536922737, 30.008164938470845], [-98.0204499588813, 30.0082439405006]]]}}, {"type": "Feature", "properties": {"AREASYMBOL": "TX604", "SPATIALVER": 4, "MUSYM": "CrD", "MUKEY": "378715", "muname": "Comfort-Rock outcrop complex, 1 to 8 percent slopes"}, "geometry": {"type": "Polygon", "coordinates": [[[-98.0229159211888, 30.0081587180332], [-98.02229875372592, 30.007859757072058], [-98.02378961494937, 30.007847682796616], [-98.0229159211888, 30.0081587180332]]]}}, {"type": "Feature", "properties": {"AREASYMBOL": "TX604", "SPATIALVER": 4, "MUSYM": "RUD", "MUKEY": "393481", "muname": "Rumple-Comfort, rubbly association, 1 to 8 percent slopes"}, "geometry": {"type": "Polygon", "coordinates": [[[-97.9571663113417, 29.9203219976169], [-97.95780070750831, 29.91995027810098], [-97.95914254585863, 29.920485770513345], [-97.9582744945332, 29.92136133802674], [-97.9571663113417, 29.9203219976169]]]}}, {"type": "Feature", "properties": {"AREASYMBOL": "TX604", "SPATIALVER": 4, "MUSYM": "W", "MUKEY": "393654", "muname": "Water"}, "geometry": {"type": "Polygon", "coordinates": [[[-97.7736456955441, 30.0123236974453], [-97.7736464013721, 30.01206682554], [-97.7744250074788, 30.0122696047432], [-97.7740875296416, 30.0125995319332], [-97.7736456955441, 30.0123236974453]]]}}, {"type": "Feature", "properties": {"AREASYMBOL": "TX604", "SPATIALVER": 4, "MUSYM": "Tn", "MUKEY": "393653", "muname": "Tinn clay, 0 to 1 percent slopes, frequently flooded"}, "geometry": {"type": "Polygon", "coordinates": [[[-97.7980937163711, 30.0576158291042], [-97.7977118247346, 30.0582943777419], [-97.7977511965449, 30.0596716277739], [-97.79884179923611, 30.06023484065208], [-97.7988545029627, 30.06092001204724], [-97.7982125778496, 30.0608283666491], [-97.7969083221389, 30.0596881663847], [-97.7968257806173, 30.0588072713298], [-97.7972939770614, 30.0569900238765], [-97.79719958607505, 30.05556502222185], [-97.79803016090275, 30.055545023817963], [-97.7980937163711, 30.0576158291042]]]}}, {"type": "Feature", "properties": {"AREASYMBOL": "TX604", "SPATIALVER": 4, "MUSYM": "Tn", "MUKEY": "393653", "muname": "Tinn clay, 0 to 1 percent slopes, frequently flooded"}, "geometry": {"type": "Polygon", "coordinates": [[[-97.7987939194625, 30.05410652029836], [-97.79908620074376, 30.05409984561656], [-97.7988182924802, 30.0541289726337], [-97.7987939194625, 30.05410652029836]]]}}, {"type": "Feature", "properties": {"AREASYMBOL": "TX604", "SPATIALVER": 4, "MUSYM": "DoC", "MUKEY": "390695", "muname": "Doss silty clay, moist, 1 to 5 percent slopes"}, "geometry": {"type": "Polygon", "coordinates": [[[-98.02203613161905, 29.984295777603617], [-98.02197664418867, 29.982903256521453], [-98.0237413814717, 29.9834159453102], [-98.02203613161905, 29.984295777603617]]]}}, {"type": "Feature", "properties": {"AREASYMBOL": "TX604", "SPATIALVER": 4, "MUSYM": "DoC", "MUKEY": "390695", "muname": "Doss silty clay, moist, 1 to 5 percent slopes"}, "geometry": {"type": "MultiPolygon", "coordinates": [[[[-98.021847905314, 29.9843928939185], [-98.02199257320402, 29.983557917794034], [-98.02203613161905, 29.984295777603617], [-98.021847905314, 29.9843928939185]]], [[[-98.0211686160146, 29.9826685094065], [-98.02197664418867, 29.982903256521453], [-98.02198945464303, 29.98341622152552], [-98.0211686160146, 29.9826685094065]]]]}}, {"type": "Feature", "properties": {"AREASYMBOL": "TX604", "SPATIALVER": 4, "MUSYM": "KrA", "MUKEY": "390706", "muname": "Krum clay, 0 to 1 percent slopes"}, "geometry": {"type": "MultiPolygon", "coordinates": [[[[-97.8718976096205, 29.9392688119519], [-97.87156492833508, 29.939038056782564], [-97.87137040625122, 29.938658307839372], [-97.8718976096205, 29.9392688119519]]], [[[-97.872241097676, 29.9422078926636], [-97.87330385635781, 29.944704029143026], [-97.86833065622098, 29.94920100104864], [-97.868442445835, 29.9478878195607], [-97.86820950108, 29.9472635159024], [-97.870293732612, 29.9470223557302], [-97.8715119708845, 29.9459558647618], [-97.8713843396941, 29.9451287455894], [-97.8709616416206, 29.9447808219124], [-97.8694450863822, 29.9443046767636], [-97.8690854414515, 29.9438096369734], [-97.87086551374031, 29.93929103004908], [-97.8719930615833, 29.94008555366464], [-97.872241097676, 29.9422078926636]]]]}}, {"type": "Feature", "properties": {"AREASYMBOL": "TX604", "SPATIALVER": 4, "MUSYM": "KrB", "MUKEY": "393469", "muname": "Krum clay, 1 to 3 percent slopes"}, "geometry": {"type": "MultiPolygon", "coordinates": [[[[-97.8728842809946, 29.9382396031272], [-97.8726543475791, 29.93893764516], [-97.8729522630869, 29.940094484234], [-97.87411974735002, 29.941251294067843], [-97.8719076862163, 29.939355033082144], [-97.87129030290417, 29.938501928878264], [-97.8721249694917, 29.937450335064], [-97.87259987231923, 29.936114984915093], [-97.87300187330591, 29.935778606018562], [-97.87458207008238, 29.937147913685767], [-97.8728842809946, 29.9382396031272]]], [[[-97.87544314568444, 29.942779221123203], [-97.8753997838454, 29.942946943291933], [-97.87528706166185, 29.94291061674288], [-97.87544314568444, 29.942779221123203]]], [[[-97.872241097676, 29.9422078926636], [-97.8719930615833, 29.94008555366464], [-97.87528706166185, 29.94291061674288], [-97.87330385635781, 29.944704029143026], [-97.872241097676, 29.9422078926636]]]]}}, {"type": "Feature", "properties": {"AREASYMBOL": "TX604", "SPATIALVER": 4, "MUSYM": "HeC3", "MUKEY": "390700", "muname": "Heiden clay, 3 to 5 percent slopes, eroded"}, "geometry": {"type": "Polygon", "coordinates": [[[-97.777427959218, 30.0593599727263], [-97.7782093910065, 30.0589021068345], [-97.7781287637724, 30.05764089419816], [-97.77905812854743, 30.056789136681928], [-97.7789502488236, 30.0575265980951], [-97.77941599607345, 30.058379634115465], [-97.77928224330522, 30.05930697160004], [-97.77862179516725, 30.060037291714547], [-97.777427959218, 30.0593599727263]]]}}, {"type": "Feature", "properties": {"AREASYMBOL": "TX604", "SPATIALVER": 4, "MUSYM": "ByA", "MUKEY": "378710", "muname": "Branyon clay, 0 to 1 percent slopes"}, "geometry": {"type": "Polygon", "coordinates": [[[-97.8369673615112, 29.9302187813487], [-97.835833182711, 29.9316711286846], [-97.8337468104999, 29.9306812160382], [-97.8320815524527, 29.929415573975], [-97.8305398500531, 29.9273599704721], [-97.83286496500838, 29.926131049459148], [-97.8363299185484, 29.9290748718849], [-97.8369673615112, 29.9302187813487]]]}}, {"type": "Feature", "properties": {"AREASYMBOL": "TX604", "SPATIALVER": 4, "MUSYM": "W", "MUKEY": "393654", "muname": "Water"}, "geometry": {"type": "Polygon", "coordinates": [[[-97.7910979873279, 29.9882498149662], [-97.79054286101774, 29.988693346919252], [-97.79030514373947, 29.988049315231976], [-97.7904859327072, 29.987920038743], [-97.7910979873279, 29.9882498149662]]]}}, {"type": "Feature", "properties": {"AREASYMBOL": "TX604", "SPATIALVER": 4, "MUSYM": "LeB", "MUKEY": "393472", "muname": "Lewisville silty clay, 1 to 3 percent slopes"}, "geometry": {"type": "Polygon", "coordinates": [[[-98.0203738286331, 29.9847446247384], [-98.0186431576026, 29.9838112146349], [-98.0173574685453, 29.9834653746319], [-98.01662947597475, 29.983665799809305], [-98.01607502157344, 29.983420852198932], [-98.01604247991632, 29.982327075576944], [-98.0172910788989, 29.9821073326973], [-98.0195894294202, 29.9828364915208], [-98.0205815276189, 29.9837348612837], [-98.0217626202334, 29.9841727338202], [-98.021847905314, 29.9843928939185], [-98.0203738286331, 29.9847446247384]]]}}, {"type": "Feature", "properties": {"AREASYMBOL": "TX604", "SPATIALVER": 4, "MUSYM": "KrB", "MUKEY": "393469", "muname": "Krum clay, 1 to 3 percent slopes"}, "geometry": {"type": "Polygon", "coordinates": [[[-97.8923225057532, 30.0539857438919], [-97.8888740095122, 30.0552132468234], [-97.8867387264938, 30.0573345308052], [-97.8864717297905, 30.0585097813944], [-97.8865488649493, 30.0605649682935], [-97.8860909451961, 30.061520905553], [-97.88540701274282, 30.062006845598034], [-97.88338648640418, 30.059374992205267], [-97.8843891162956, 30.0590340880844], [-97.8847640319865, 30.0584445644523], [-97.8851932367374, 30.0563689350408], [-97.88769953330815, 30.05400927887606], [-97.889744839526, 30.054154375029412], [-97.89228436676215, 30.053708970574217], [-97.8923225057532, 30.0539857438919]]]}}, {"type": "Feature", "properties": {"AREASYMBOL": "TX604", "SPATIALVER": 4, "MUSYM": "HeB", "MUKEY": "390699", "muname": "Heiden clay, 1 to 3 percent slopes"}, "geometry": {"type": "Polygon", "coordinates": [[[-97.8061250885035, 30.0283646918204], [-97.805445313282, 30.02798519648424], [-97.80561996267093, 30.02773520542764], [-97.8064804219278, 30.02845225372852], [-97.8061722914124, 30.028781870582577], [-97.8061250885035, 30.0283646918204]]]}}, {"type": "Feature", "properties": {"AREASYMBOL": "TX604", "SPATIALVER": 4, "MUSYM": "GrC", "MUKEY": "390698", "muname": "Gruene clay, 1 to 5 percent slopes"}, "geometry": {"type": "Polygon", "coordinates": [[[-98.02735619847469, 29.98450885123538], [-98.0269049609857, 29.9844750634184], [-98.0272183072029, 29.9836300809861], [-98.0267955365488, 29.9830610385017], [-98.0283279417922, 29.9805250070508], [-98.02860240764166, 29.98039777542277], [-98.02735619847469, 29.98450885123538]]]}}, {"type": "Feature", "properties": {"AREASYMBOL": "TX604", "SPATIALVER": 4, "MUSYM": "GrC", "MUKEY": "390698", "muname": "Gruene clay, 1 to 5 percent slopes"}, "geometry": {"type": "Polygon", "coordinates": [[[-97.8387922521174, 29.9369750044106], [-97.8380934658888, 29.9354885804346], [-97.8393138964982, 29.934789271385], [-97.8417565125793, 29.9350068515913], [-97.8429160096751, 29.9355750421255], [-97.8438661241556, 29.9367498094835], [-97.844184085642, 29.9381263358982], [-97.8439122783696, 29.938678087529], [-97.8433431932102, 29.9387336586688], [-97.842838227403, 29.938642114821], [-97.8416572487733, 29.9376704490475], [-97.8403941389174, 29.9381307184495], [-97.8399103327061, 29.9380577347705], [-97.8387922521174, 29.9369750044106]]]}}, {"type": "Feature", "properties": {"AREASYMBOL": "TX604", "SPATIALVER": 4, "MUSYM": "HvB", "MUKEY": "390704", "muname": "Houston Black gravelly clay, 1 to 3 percent slopes"}, "geometry": {"type": "MultiPolygon", "coordinates": [[[[-97.7956890814017, 29.9878617866335], [-97.79488182574786, 29.989409550709908], [-97.79402452175161, 29.988987998776825], [-97.7942575081237, 29.9883034892746], [-97.7962758867893, 29.9861720920851], [-97.7963386027534, 29.985621255755], [-97.7966330854471, 29.9853270945511], [-97.7982543802723, 29.9849768769553], [-97.79865215056797, 29.984629305467116], [-97.79882101657141, 29.98477102813897], [-97.79721676321765, 29.986605853114266], [-97.7956890814017, 29.9878617866335]]], [[[-97.80029768846381, 29.982690074560047], [-97.80037825251937, 29.982757608522498], [-97.80029422309931, 29.982834997284836], [-97.80029768846381, 29.982690074560047]]]]}}, {"type": "Feature", "properties": {"AREASYMBOL": "TX604", "SPATIALVER": 4, "MUSYM": "HvB", "MUKEY": "390704", "muname": "Houston Black gravelly clay, 1 to 3 percent slopes"}, "geometry": {"type": "Polygon", "coordinates": [[[-97.7832341122975, 30.0559564556905], [-97.7829398054648, 30.0555521133096], [-97.7829854312541, 30.0541563428236], [-97.78350141780469, 30.054508293735065], [-97.78448829375094, 30.053607363988224], [-97.78508497798477, 30.053603161535722], [-97.7856191660537, 30.0547487554657], [-97.78650976544236, 30.05515970356297], [-97.7865201289117, 30.056093780836644], [-97.7832341122975, 30.0559564556905]]]}}, {"type": "Feature", "properties": {"AREASYMBOL": "TX604", "SPATIALVER": 4, "MUSYM": "HoB", "MUKEY": "390703", "muname": "Houston Black clay, 1 to 3 percent slopes"}, "geometry": {"type": "Polygon", "coordinates": [[[-97.7789502488236, 30.0575265980951], [-97.7791026658823, 30.05680447070883], [-97.77934339118592, 30.058053667238813], [-97.7789502488236, 30.0575265980951]]]}}, {"type": "Feature", "properties": {"AREASYMBOL": "TX604", "SPATIALVER": 4, "MUSYM": "RUD", "MUKEY": "393481", "muname": "Rumple-Comfort, rubbly association, 1 to 8 percent slopes"}, "geometry": {"type": "Polygon", "coordinates": [[[-97.9748711725857, 29.985101839739336], [-97.97656838980132, 29.98111275320333], [-97.9770063357425, 29.981061133066294], [-97.97710104983193, 29.984690494872183], [-97.97578056078542, 29.985874006874464], [-97.9748711725857, 29.985101839739336]]]}}, {"type": "Feature", "properties": {"AREASYMBOL": "TX604", "SPATIALVER": 4, "MUSYM": "HvB", "MUKEY": "390704", "muname": "Houston Black gravelly clay, 1 to 3 percent slopes"}, "geometry": {"type": "Polygon", "coordinates": [[[-97.81134102916488, 30.056721105805998], [-97.81251799427257, 30.05672791817646], [-97.81263459943077, 30.0583191503228], [-97.8114613093034, 30.058336737990977], [-97.81134102916488, 30.056721105805998]]]}}, {"type": "Feature", "properties": {"AREASYMBOL": "TX604", "SPATIALVER": 4, "MUSYM": "AuB", "MUKEY": "378702", "muname": "Austin-Castephen complex, 1 to 3 percent slopes"}, "geometry": {"type": "Polygon", "coordinates": [[[-97.89305732725056, 29.981227124378382], [-97.8925778441913, 29.9811555008637], [-97.89275643361694, 29.98031215682622], [-97.89305732725056, 29.981227124378382]]]}}, {"type": "Feature", "properties": {"AREASYMBOL": "TX604", "SPATIALVER": 4, "MUSYM": "Tn", "MUKEY": "393653", "muname": "Tinn clay, 0 to 1 percent slopes, frequently flooded"}, "geometry": {"type": "Polygon", "coordinates": [[[-97.8446748356401, 29.9411567572553], [-97.8413664356513, 29.9400217591751], [-97.839026515934, 29.9385548710731], [-97.836434705355, 29.9376943153686], [-97.8351472611433, 29.9359869980462], [-97.8348509847246, 29.9352527985987], [-97.8339655243821, 29.9346483752733], [-97.83190833637113, 29.93462951323923], [-97.83051148682719, 29.93349870536442], [-97.8318576975771, 29.9337687673029], [-97.8351005747641, 29.9338387670101], [-97.8358605461831, 29.9345354334046], [-97.8366226971283, 29.9367753059785], [-97.8372769889549, 29.9373808871647], [-97.84741325430595, 29.94050507173928], [-97.84583259088916, 29.941954911095088], [-97.8446748356401, 29.9411567572553]]]}}, {"type": "Feature", "properties": {"AREASYMBOL": "TX604", "SPATIALVER": 4, "MUSYM": "Tn", "MUKEY": "393653", "muname": "Tinn clay, 0 to 1 percent slopes, frequently flooded"}, "geometry": {"type": "Polygon", "coordinates": [[[-97.8471214745626, 29.9428434645729], [-97.84591664593425, 29.942012858452312], [-97.84753370927184, 29.94052825718382], [-97.8509502971203, 29.9411858897479], [-97.8518984168217, 29.9417548543351], [-97.8517521572802, 29.9420304627136], [-97.8507833818468, 29.9421595469665], [-97.847982570817, 29.941979773733], [-97.8475194152225, 29.9421823093371], [-97.8475211361759, 29.942861950345], [-97.8471214745626, 29.9428434645729]]]}}, {"type": "Feature", "properties": {"AREASYMBOL": "TX604", "SPATIALVER": 4, "MUSYM": "ByA", "MUKEY": "378710", "muname": "Branyon clay, 0 to 1 percent slopes"}, "geometry": {"type": "Polygon", "coordinates": [[[-97.8436448764052, 29.9420755536618], [-97.8423593659095, 29.9416735599489], [-97.84027419562008, 29.941712238494343], [-97.83655477523818, 29.938506829470516], [-97.836434705355, 29.9376943153686], [-97.839026515934, 29.9385548710731], [-97.8413664356513, 29.9400217591751], [-97.8446748356401, 29.9411567572553], [-97.84583259088916, 29.941954911095088], [-97.84475127712318, 29.942946194760832], [-97.8436448764052, 29.9420755536618]]]}}, {"type": "Feature", "properties": {"AREASYMBOL": "TX604", "SPATIALVER": 4, "MUSYM": "ByA", "MUKEY": "378710", "muname": "Branyon clay, 0 to 1 percent slopes"}, "geometry": {"type": "Polygon", "coordinates": [[[-97.8502726676011, 29.9495435534953], [-97.8495353116193, 29.9495443121499], [-97.84900184635937, 29.949213943007006], [-97.8472564982461, 29.9474897739302], [-97.8464733636117, 29.9455811961398], [-97.84483137135159, 29.943009221949726], [-97.84591664593425, 29.942012858452312], [-97.8471214745626, 29.9428434645729], [-97.8475211361759, 29.942861950345], [-97.8477539636053, 29.9432104696091], [-97.8483497414177, 29.9465707866205], [-97.8488987877544, 29.9473781800053], [-97.850671200192, 29.9490473443015], [-97.8502726676011, 29.9495435534953]]]}}, {"type": "Feature", "properties": {"AREASYMBOL": "TX604", "SPATIALVER": 4, "MUSYM": "FeF4", "MUKEY": "390697", "muname": "Ferris clay, 5 to 20 percent slopes, severely eroded"}, "geometry": {"type": "Polygon", "coordinates": [[[-97.81445948985679, 29.98547928095095], [-97.81515586988552, 29.986086446659343], [-97.81481153522697, 29.986358405837986], [-97.814258357831, 29.98587672508591], [-97.81445948985679, 29.98547928095095]]]}}, {"type": "Feature", "properties": {"AREASYMBOL": "TX604", "SPATIALVER": 4, "MUSYM": "FeF4", "MUKEY": "390697", "muname": "Ferris clay, 5 to 20 percent slopes, severely eroded"}, "geometry": {"type": "Polygon", "coordinates": [[[-97.8131919174659, 29.9865464504613], [-97.8140962455136, 29.9861970648702], [-97.814258357831, 29.98587672508591], [-97.81481153522697, 29.986358405837986], [-97.81515586988552, 29.986086446659343], [-97.81445948985679, 29.98547928095095], [-97.8158837359863, 29.9840655103269], [-97.8163469276646, 29.9839920225446], [-97.8179475391456, 29.985275054521143], [-97.81752853182084, 29.98564580228358], [-97.8170657340653, 29.9853501025875], [-97.8162661163222, 29.9858834482201], [-97.81618482070888, 29.986834750205695], [-97.81451850370166, 29.988396285112348], [-97.81282044831592, 29.986952498294343], [-97.8131919174659, 29.9865464504613]]]}}, {"type": "Feature", "properties": {"AREASYMBOL": "TX604", "SPATIALVER": 4, "MUSYM": "AnA", "MUKEY": "378700", "muname": "Anhalt clay, 0 to 2 percent slopes"}, "geometry": {"type": "Polygon", "coordinates": [[[-97.957063526803, 29.9202282810083], [-97.956942204332, 29.919607672051], [-97.95768890384298, 29.91990566019716], [-97.957063526803, 29.9202282810083]]]}}, {"type": "Feature", "properties": {"AREASYMBOL": "TX604", "SPATIALVER": 4, "MUSYM": "Tn", "MUKEY": "393653", "muname": "Tinn clay, 0 to 1 percent slopes, frequently flooded"}, "geometry": {"type": "MultiPolygon", "coordinates": [[[[-97.8554906982665, 29.9277730529429], [-97.8532582991544, 29.9276288379058], [-97.8523733619898, 29.927281457171], [-97.85201642516739, 29.927032027534135], [-97.8530231160743, 29.927444666433768], [-97.8554906982665, 29.9277730529429]]], [[[-97.84586262102121, 29.924812699755407], [-97.8445774156147, 29.9245349764954], [-97.84320834116592, 29.92376851419017], [-97.84350063359156, 29.923892306073057], [-97.84413106169013, 29.923349784322884], [-97.84586262102121, 29.924812699755407]]]]}}, {"type": "Feature", "properties": {"AREASYMBOL": "TX604", "SPATIALVER": 4, "MUSYM": "HgD", "MUKEY": "390702", "muname": "Heiden gravelly clay, 3 to 8 percent slopes"}, "geometry": {"type": "Polygon", "coordinates": [[[-97.7966330854471, 29.9853270945511], [-97.7963386027534, 29.985621255755], [-97.7962758867893, 29.9861720920851], [-97.7942575081237, 29.9883034892746], [-97.79391875621097, 29.988961058298738], [-97.79259528462723, 29.98862453223231], [-97.79190785013805, 29.988054610441264], [-97.79153697436986, 29.98838117996621], [-97.7924636941033, 29.9860642793231], [-97.7932001019285, 29.9853843298748], [-97.79303765463597, 29.98464548805638], [-97.79637199156836, 29.98449723526252], [-97.7966330854471, 29.9853270945511]]]}}, {"type": "Feature", "properties": {"AREASYMBOL": "TX604", "SPATIALVER": 4, "MUSYM": "HvD", "MUKEY": "390705", "muname": "Houston Black gravelly clay, 3 to 8 percent slopes"}, "geometry": {"type": "Polygon", "coordinates": [[[-97.80029422309931, 29.982834997284836], [-97.7982543802723, 29.9849768769553], [-97.7966330854471, 29.9853270945511], [-97.79637199156836, 29.98449723526252], [-97.79840180652228, 29.98378116915608], [-97.80018651785959, 29.98259688422398], [-97.80029422309931, 29.982834997284836]]]}}, {"type": "Feature", "properties": {"AREASYMBOL": "TX604", "SPATIALVER": 4, "MUSYM": "HeB", "MUKEY": "390699", "muname": "Heiden clay, 1 to 3 percent slopes"}, "geometry": {"type": "Polygon", "coordinates": [[[-97.78666705255591, 30.015865365522835], [-97.78706692426043, 30.016221130162847], [-97.78660018040188, 30.01664923223012], [-97.78666705255591, 30.015865365522835]]]}}, {"type": "Feature", "properties": {"AREASYMBOL": "TX604", "SPATIALVER": 4, "MUSYM": "HeB", "MUKEY": "390699", "muname": "Heiden clay, 1 to 3 percent slopes"}, "geometry": {"type": "Polygon", "coordinates": [[[-97.7972939770614, 30.0569900238765], [-97.7968257806173, 30.0588072713298], [-97.7964887417861, 30.0584946866455], [-97.7960911224625, 30.0571170017418], [-97.7964944181228, 30.0561812696086], [-97.7963683524232, 30.0559237979446], [-97.7959678263572, 30.0560331029453], [-97.7946793571509, 30.0571879129148], [-97.7938992997389, 30.057131305011], [-97.79401089822473, 30.05564179530045], [-97.79719958607505, 30.05556502222185], [-97.7972939770614, 30.0569900238765]]]}}, {"type": "Feature", "properties": {"AREASYMBOL": "TX604", "SPATIALVER": 4, "MUSYM": "Pt", "MUKEY": "393479", "muname": "Pits"}, "geometry": {"type": "MultiPolygon", "coordinates": [[[[-97.8887186499926, 30.0667015639119], [-97.88879390415752, 30.06666481482304], [-97.88868806782604, 30.06673266523855], [-97.8887186499926, 30.0667015639119]]], [[[-97.8910335941859, 30.065571100369418], [-97.89099183672366, 30.065980390916696], [-97.89017334542527, 30.065991188190186], [-97.8910335941859, 30.065571100369418]]]]}}, {"type": "Feature", "properties": {"AREASYMBOL": "TX604", "SPATIALVER": 4, "MUSYM": "HeC3", "MUKEY": "390700", "muname": "Heiden clay, 3 to 5 percent slopes, eroded"}, "geometry": {"type": "MultiPolygon", "coordinates": [[[[-97.8558190858927, 29.9142364944513], [-97.855437971074, 29.914487688165686], [-97.8544378942024, 29.913871714402582], [-97.85538228981405, 29.9127175590181], [-97.85610617446275, 29.91329210135053], [-97.8558190858927, 29.9142364944513]]], [[[-97.8563714007264, 29.916072435126], [-97.857127019458, 29.9150986224436], [-97.8576115167895, 29.9152075790007], [-97.85677209555926, 29.91731428844038], [-97.85530495346194, 29.916090546813106], [-97.8563714007264, 29.916072435126]]]]}}, {"type": "Feature", "properties": {"AREASYMBOL": "TX604", "SPATIALVER": 4, "MUSYM": "HeC3", "MUKEY": "390700", "muname": "Heiden clay, 3 to 5 percent slopes, eroded"}, "geometry": {"type": "Polygon", "coordinates": [[[-97.85028062467204, 29.918658932664883], [-97.85108432771247, 29.917833849090382], [-97.85255823932853, 29.919044025838126], [-97.85168168773515, 29.919835873718135], [-97.85028062467204, 29.918658932664883]]]}}, {"type": "Feature", "properties": {"AREASYMBOL": "TX604", "SPATIALVER": 4, "MUSYM": "HeC3", "MUKEY": "390700", "muname": "Heiden clay, 3 to 5 percent slopes, eroded"}, "geometry": {"type": "Polygon", "coordinates": [[[-97.84871168367334, 29.918200846148387], [-97.8485210272217, 29.9174783970327], [-97.8490037945212, 29.9169077113942], [-97.84971531932258, 29.916605991839916], [-97.85096481316906, 29.917676970151895], [-97.85008438535911, 29.918453389931422], [-97.84952251700899, 29.91792008735765], [-97.84909258964147, 29.917856769241677], [-97.84871168367334, 29.918200846148387]]]}}, {"type": "Feature", "properties": {"AREASYMBOL": "TX604", "SPATIALVER": 4, "MUSYM": "GrC", "MUKEY": "390698", "muname": "Gruene clay, 1 to 5 percent slopes"}, "geometry": {"type": "Polygon", "coordinates": [[[-97.8445774156147, 29.9245349764954], [-97.84595513740192, 29.924890862622053], [-97.8462862781841, 29.9259845048846], [-97.8460977068145, 29.9263149175754], [-97.8455922001751, 29.9262423247412], [-97.8445368313207, 29.9251783986236], [-97.8440951659776, 29.9251786405125], [-97.843780656101, 29.9257662858479], [-97.8437611522413, 29.926611275185], [-97.8429833159773, 29.9275303519661], [-97.8434925817096, 29.9291651013982], [-97.8433045177448, 29.929844357081], [-97.8431149539049, 29.9299917850627], [-97.8423559100047, 29.9295700866904], [-97.841829613908, 29.9295888730546], [-97.84077856779, 29.9300681195679], [-97.8406432227389, 29.9297890195509], [-97.84270709516211, 29.92793034532251], [-97.84170213269411, 29.927087930372476], [-97.84239590307038, 29.925722708361334], [-97.84212390485833, 29.925490542248575], [-97.84244653638231, 29.925592448754156], [-97.84284094951113, 29.92361291388336], [-97.8445774156147, 29.9245349764954]]]}}, {"type": "Feature", "properties": {"AREASYMBOL": "TX604", "SPATIALVER": 4, "MUSYM": "CrD", "MUKEY": "378715", "muname": "Comfort-Rock outcrop complex, 1 to 8 percent slopes"}, "geometry": {"type": "Polygon", "coordinates": [[[-97.9345517948243, 29.921298024693], [-97.9338676842287, 29.9207728516308], [-97.93255255258289, 29.918896907641813], [-97.93369871381292, 29.918000412441902], [-97.93425708648947, 29.919573292336153], [-97.93504373338446, 29.920771852299236], [-97.9349962358649, 29.9211955006235], [-97.9345517948243, 29.921298024693]]]}}, {"type": "Feature", "properties": {"AREASYMBOL": "TX604", "SPATIALVER": 4, "MUSYM": "HoB", "MUKEY": "390703", "muname": "Houston Black clay, 1 to 3 percent slopes"}, "geometry": {"type": "Polygon", "coordinates": [[[-97.7977511965449, 30.0596716277739], [-97.7976690249194, 30.0585699391022], [-97.7980293513843, 30.0578547969159], [-97.7987447458483, 30.0587550376693], [-97.79884108652514, 30.060196324434006], [-97.7977511965449, 30.0596716277739]]]}}, {"type": "Feature", "properties": {"AREASYMBOL": "TX604", "SPATIALVER": 4, "MUSYM": "CrD", "MUKEY": "378715", "muname": "Comfort-Rock outcrop complex, 1 to 8 percent slopes"}, "geometry": {"type": "MultiPolygon", "coordinates": [[[[-98.027798301121, 29.979406302769], [-98.0270391111087, 29.9792058479227], [-98.0271642099604, 29.9787654585877], [-98.0296903387833, 29.9777874793073], [-98.0295189315166, 29.9767234216321], [-98.0298751663546, 29.9761904010424], [-98.03149340357882, 29.9759515666076], [-98.02926942313806, 29.97899901660692], [-98.027798301121, 29.979406302769]]], [[[-98.0311968311356, 29.9739105871573], [-98.0310257605404, 29.9726076468438], [-98.03121540322573, 29.97236390121955], [-98.03168003222015, 29.974111700727256], [-98.0311968311356, 29.9739105871573]]]]}}, {"type": "Feature", "properties": {"AREASYMBOL": "TX604", "SPATIALVER": 4, "MUSYM": "KrA", "MUKEY": "390706", "muname": "Krum clay, 0 to 1 percent slopes"}, "geometry": {"type": "Polygon", "coordinates": [[[-97.8639818719941, 29.9499506708865], [-97.8630771359497, 29.9499336421223], [-97.8612850994164, 29.9492926181294], [-97.8600007989546, 29.9492757157239], [-97.8594115242163, 29.9494047256254], [-97.8567205511805, 29.9514470727441], [-97.8554994699344, 29.9515218877786], [-97.8532187299398, 29.9484200770399], [-97.8500758791805, 29.945943951771], [-97.8498422714792, 29.9452835633582], [-97.8512500060504, 29.9435001688146], [-97.8521333612304, 29.9432607524963], [-97.8528297307196, 29.9437005621747], [-97.8559749327144, 29.9473889801485], [-97.8567551352776, 29.9479571414354], [-97.8573655297453, 29.9480297023588], [-97.8576181675502, 29.947827099575], [-97.8578476772339, 29.9465963782682], [-97.8576776547779, 29.9461377439918], [-97.8560308588377, 29.944247503941], [-97.8553989396061, 29.9440463980835], [-97.8534381981593, 29.9425796990523], [-97.8518780637193, 29.9419571175307], [-97.8517936922976, 29.9416628806027], [-97.8509502971203, 29.9411858897479], [-97.8579827803744, 29.9412153188813], [-97.8605968874862, 29.942405805011], [-97.8615885963923, 29.9434327664444], [-97.8626635272852, 29.9440562662725], [-97.8645415185996, 29.9457071972453], [-97.8646080705418, 29.947047366973], [-97.8641260377307, 29.9484807194156], [-97.8645093151363, 29.9502986339209], [-97.8639818719941, 29.9499506708865]]]}}, {"type": "Feature", "properties": {"AREASYMBOL": "TX604", "SPATIALVER": 4, "MUSYM": "LeA", "MUKEY": "393471", "muname": "Lewisville silty clay, 0 to 1 percent slopes"}, "geometry": {"type": "Polygon", "coordinates": [[[-97.832412621498, 29.9265317065673], [-97.8295765378719, 29.927641743103923], [-97.83224777440641, 29.925602141976395], [-97.83285243364341, 29.92612040281907], [-97.832412621498, 29.9265317065673]]]}}, {"type": "Feature", "properties": {"AREASYMBOL": "TX604", "SPATIALVER": 4, "MUSYM": "HeD3", "MUKEY": "390701", "muname": "Heiden clay, 5 to 8 percent slopes, eroded"}, "geometry": {"type": "Polygon", "coordinates": [[[-97.7771776415377, 30.0071715100044], [-97.7770315378995, 30.0063627342641], [-97.7772437682814, 30.0059050432433], [-97.777749670597, 30.005831932547], [-97.7787572781782, 30.0073206890981], [-97.7807766846594, 30.0087560176081], [-97.78138601545834, 30.009443732970542], [-97.78066129433174, 30.010091349827825], [-97.7796138676999, 30.0101304482687], [-97.7771776415377, 30.0071715100044]]]}}, {"type": "Feature", "properties": {"AREASYMBOL": "TX604", "SPATIALVER": 4, "MUSYM": "BoB", "MUKEY": "378705", "muname": "Boerne fine sandy loam, 1 to 3 percent slopes, rarely flooded"}, "geometry": {"type": "Polygon", "coordinates": [[[-98.024626163222, 29.9831940583179], [-98.0220963305009, 29.985027744066212], [-98.02202963667808, 29.984257081134036], [-98.024626163222, 29.9831940583179]]]}}, {"type": "Feature", "properties": {"AREASYMBOL": "TX604", "SPATIALVER": 4, "MUSYM": "BoB", "MUKEY": "378705", "muname": "Boerne fine sandy loam, 1 to 3 percent slopes, rarely flooded"}, "geometry": {"type": "Polygon", "coordinates": [[[-98.0202277576991, 29.9856441819985], [-98.0195113798642, 29.9854987708936], [-98.01662947597475, 29.983665799809305], [-98.0173574685453, 29.9834653746319], [-98.018052620588, 29.9835922629967], [-98.0199722735598, 29.9846168363056], [-98.0207523710788, 29.9847799960557], [-98.02202963667808, 29.984257081134036], [-98.02208544188737, 29.984790034699955], [-98.0202277576991, 29.9856441819985]]]}}, {"type": "Feature", "properties": {"AREASYMBOL": "TX604", "SPATIALVER": 4, "MUSYM": "FeF4", "MUKEY": "390697", "muname": "Ferris clay, 5 to 20 percent slopes, severely eroded"}, "geometry": {"type": "Polygon", "coordinates": [[[-97.8031063509607, 30.0501157346779], [-97.80311872991696, 30.049830813519566], [-97.80341812522704, 30.04967632040619], [-97.80343674668786, 30.050176486743503], [-97.8031063509607, 30.0501157346779]]]}}, {"type": "Feature", "properties": {"AREASYMBOL": "TX604", "SPATIALVER": 4, "MUSYM": "W", "MUKEY": "393654", "muname": "Water"}, "geometry": {"type": "Polygon", "coordinates": [[[-97.80268290179285, 30.028942783006517], [-97.80260423187507, 30.02960460056603], [-97.80223106232543, 30.02884590804007], [-97.80268290179285, 30.028942783006517]]]}}, {"type": "Feature", "properties": {"AREASYMBOL": "TX604", "SPATIALVER": 4, "MUSYM": "LeB", "MUKEY": "393472", "muname": "Lewisville silty clay, 1 to 3 percent slopes"}, "geometry": {"type": "Polygon", "coordinates": [[[-97.8320815524527, 29.929415573975], [-97.8337468104999, 29.9306812160382], [-97.835833182711, 29.9316711286846], [-97.8363404982827, 29.9325703546524], [-97.8373104793984, 29.9334320528972], [-97.8383267376231, 29.9361859707861], [-97.8398679755818, 29.9382044788707], [-97.836833508222, 29.9370692350252], [-97.8358605461831, 29.9345354334046], [-97.8351005747641, 29.9338387670101], [-97.8329316940505, 29.9337120003201], [-97.8305496794297, 29.9320617281463], [-97.82751239394733, 29.931026933044606], [-97.8262603755926, 29.929972335579425], [-97.82951707948781, 29.9276871420739], [-97.8305398500531, 29.9273599704721], [-97.8320815524527, 29.929415573975]]]}}, {"type": "Feature", "properties": {"AREASYMBOL": "TX604", "SPATIALVER": 4, "MUSYM": "DeB", "MUKEY": "378716", "muname": "Denton silty clay, 1 to 3 percent slopes"}, "geometry": {"type": "Polygon", "coordinates": [[[-97.89673513328422, 30.05076603159542], [-97.8950942169518, 30.0524120651084], [-97.8936941482657, 30.0541620956775], [-97.892674140314, 30.0561858040617], [-97.8914185840504, 30.0574953101207], [-97.8907946786316, 30.0587272033865], [-97.8904381771069, 30.0589856927694], [-97.8897824898244, 30.0586960130024], [-97.8893989361532, 30.0580006026899], [-97.889595421015, 30.055925362731], [-97.8899261768858, 30.0549517663394], [-97.8906187782578, 30.0544522594775], [-97.8919238845831, 30.054262993272], [-97.89259783848986, 30.053616261142107], [-97.89500445406026, 30.052391924401128], [-97.89673513328422, 30.05076603159542]]]}}, {"type": "Feature", "properties": {"AREASYMBOL": "TX604", "SPATIALVER": 4, "MUSYM": "ByA", "MUKEY": "378710", "muname": "Branyon clay, 0 to 1 percent slopes"}, "geometry": {"type": "Polygon", "coordinates": [[[-97.7852733516583, 30.004908191289], [-97.7835442926076, 30.0053825244191], [-97.7820277463494, 30.005270240473], [-97.7785607081955, 30.003801795652034], [-97.78019025829578, 30.00228973157496], [-97.78303576811244, 30.004567739489794], [-97.7855208754617, 30.002349045320976], [-97.7866280684395, 30.0025787906661], [-97.78763751751931, 30.003874020322783], [-97.78643428434629, 30.004937516962872], [-97.7852733516583, 30.004908191289]]]}}, {"type": "Feature", "properties": {"AREASYMBOL": "TX604", "SPATIALVER": 4, "MUSYM": "FeF4", "MUKEY": "390697", "muname": "Ferris clay, 5 to 20 percent slopes, severely eroded"}, "geometry": {"type": "Polygon", "coordinates": [[[-97.7904862709411, 30.0012809535743], [-97.78910016561838, 30.002581187485244], [-97.7882953728506, 30.0014609927724], [-97.78630522020394, 30.001650403919797], [-97.78881555055145, 29.9994143709397], [-97.7904862709411, 30.0012809535743]]]}}, {"type": "Feature", "properties": {"AREASYMBOL": "TX604", "SPATIALVER": 4, "MUSYM": "FeF4", "MUKEY": "390697", "muname": "Ferris clay, 5 to 20 percent slopes, severely eroded"}, "geometry": {"type": "Polygon", "coordinates": [[[-97.7833770125767, 30.0578105520041], [-97.7829132074614, 30.0578280180102], [-97.782576375196, 30.05757035907], [-97.7823689749341, 30.0560462411111], [-97.78167164363012, 30.054393702313874], [-97.78247498519931, 30.053657368916948], [-97.7829854312541, 30.0541563428236], [-97.7830658091942, 30.0558086997822], [-97.7834018370139, 30.0560294229308], [-97.7850675351034, 30.056032919761], [-97.7833770125767, 30.0578105520041]]]}}, {"type": "Feature", "properties": {"AREASYMBOL": "TX604", "SPATIALVER": 4, "MUSYM": "DoC", "MUKEY": "390695", "muname": "Doss silty clay, moist, 1 to 5 percent slopes"}, "geometry": {"type": "Polygon", "coordinates": [[[-97.9617902790385, 30.114891445353], [-97.96200329095151, 30.114659261794472], [-97.96211221094508, 30.11581687157354], [-97.9617902790385, 30.114891445353]]]}}, {"type": "Feature", "properties": {"AREASYMBOL": "TX604", "SPATIALVER": 4, "MUSYM": "HeC3", "MUKEY": "390700", "muname": "Heiden clay, 3 to 5 percent slopes, eroded"}, "geometry": {"type": "Polygon", "coordinates": [[[-97.7904862709411, 30.0012809535743], [-97.78881555055145, 29.9994143709397], [-97.79100430037938, 29.997698315651814], [-97.79255599071578, 29.999461734293664], [-97.7904862709411, 30.0012809535743]]]}}, {"type": "Feature", "properties": {"AREASYMBOL": "TX604", "SPATIALVER": 4, "MUSYM": "HeC3", "MUKEY": "390700", "muname": "Heiden clay, 3 to 5 percent slopes, eroded"}, "geometry": {"type": "Polygon", "coordinates": [[[-97.8038895181625, 30.0293343400726], [-97.8045036064465, 30.029333144440066], [-97.80526104157745, 30.02975666304497], [-97.80418073775435, 30.030912249021274], [-97.80340900606278, 30.030272128506915], [-97.8038895181625, 30.0293343400726]]]}}, {"type": "Feature", "properties": {"AREASYMBOL": "TX604", "SPATIALVER": 4, "MUSYM": "HeC3", "MUKEY": "390700", "muname": "Heiden clay, 3 to 5 percent slopes, eroded"}, "geometry": {"type": "Polygon", "coordinates": [[[-97.8055364226704, 30.0278868344105], [-97.80622055611735, 30.028730240317433], [-97.80502946407857, 30.02976831409263], [-97.80447876979046, 30.029368722836274], [-97.8055364226704, 30.0278868344105]]]}}, {"type": "Feature", "properties": {"AREASYMBOL": "TX604", "SPATIALVER": 4, "MUSYM": "HeC3", "MUKEY": "390700", "muname": "Heiden clay, 3 to 5 percent slopes, eroded"}, "geometry": {"type": "Polygon", "coordinates": [[[-97.80309290679924, 30.04473400937676], [-97.80321033747643, 30.044732706286755], [-97.80317640000094, 30.04479303861185], [-97.80309290679924, 30.04473400937676]]]}}, {"type": "Feature", "properties": {"AREASYMBOL": "TX604", "SPATIALVER": 4, "MUSYM": "KrB", "MUKEY": "393469", "muname": "Krum clay, 1 to 3 percent slopes"}, "geometry": {"type": "Polygon", "coordinates": [[[-97.8451992003286, 29.9399805646628], [-97.8439122783696, 29.938678087529], [-97.844184085642, 29.9381263358982], [-97.8438661241556, 29.9367498094835], [-97.8459547848371, 29.9388040673768], [-97.8478933054638, 29.9394266500207], [-97.8486405956109, 29.93937724293073], [-97.84746684898887, 29.940455822498553], [-97.8451992003286, 29.9399805646628]]]}}, {"type": "Feature", "properties": {"AREASYMBOL": "TX604", "SPATIALVER": 4, "MUSYM": "KrB", "MUKEY": "393469", "muname": "Krum clay, 1 to 3 percent slopes"}, "geometry": {"type": "Polygon", "coordinates": [[[-97.8641486485333, 29.9490689543329], [-97.8641683547864, 29.9481500815792], [-97.8646080705418, 29.947047366973], [-97.8645415185996, 29.9457071972453], [-97.8626635272852, 29.9440562662725], [-97.8615885963923, 29.9434327664444], [-97.8605968874862, 29.942405805011], [-97.8579827803744, 29.9412153188813], [-97.8509502971203, 29.9411858897479], [-97.84758551517362, 29.940480692768414], [-97.848798784705, 29.93936678425837], [-97.8498720168603, 29.9392958275117], [-97.8505027737069, 29.9387992820913], [-97.85039776360692, 29.937899338992747], [-97.8514063173307, 29.9377509448682], [-97.8527129082109, 29.9386311367393], [-97.8542716344879, 29.9385929873795], [-97.8559787342694, 29.9394356959691], [-97.8579149570689, 29.938937666443], [-97.8592627397606, 29.9392482782987], [-97.8611411640299, 29.9408803452681], [-97.8641128757486, 29.9422918183187], [-97.8656961270037, 29.9438873663829], [-97.8671745114127, 29.9462544873387], [-97.86820950108, 29.9472635159024], [-97.868442445835, 29.9478878195607], [-97.86833065622098, 29.94920100104864], [-97.86532465709045, 29.951909491871792], [-97.8641486485333, 29.9490689543329]]]}}, {"type": "Feature", "properties": {"AREASYMBOL": "TX604", "SPATIALVER": 4, "MUSYM": "AgD3", "MUKEY": "378699", "muname": "Altoga silty clay, 5 to 8 percent slopes, eroded"}, "geometry": {"type": "Polygon", "coordinates": [[[-97.80246211332108, 30.050206868605482], [-97.8017122343659, 30.0514165761984], [-97.8001533269165, 30.0509735994265], [-97.8001136040488, 30.050568714046882], [-97.8005346109123, 30.050562552960038], [-97.80060485461105, 30.050018858960968], [-97.8021637138265, 30.05045483543219], [-97.80246211332108, 30.050206868605482]]]}}, {"type": "Feature", "properties": {"AREASYMBOL": "TX604", "SPATIALVER": 4, "MUSYM": "HoB", "MUKEY": "390703", "muname": "Houston Black clay, 1 to 3 percent slopes"}, "geometry": {"type": "Polygon", "coordinates": [[[-97.854891227788, 29.9132642280317], [-97.85502081966001, 29.912430662610248], [-97.85533989401478, 29.91268390975997], [-97.854891227788, 29.9132642280317]]]}}, {"type": "Feature", "properties": {"AREASYMBOL": "TX604", "SPATIALVER": 4, "MUSYM": "LeB", "MUKEY": "393472", "muname": "Lewisville silty clay, 1 to 3 percent slopes"}, "geometry": {"type": "Polygon", "coordinates": [[[-98.0247764127593, 29.9844973616296], [-98.0267955365488, 29.9830610385017], [-98.0272183072029, 29.9836300809861], [-98.0269049609857, 29.9844750634184], [-98.02735619847469, 29.98450885123538], [-98.02719290311943, 29.985461155027494], [-98.0235589821457, 29.9861333377306], [-98.02214111101159, 29.986005486757378], [-98.02213140122412, 29.985793353437], [-98.0247764127593, 29.9844973616296]]]}}, {"type": "Feature", "properties": {"AREASYMBOL": "TX604", "SPATIALVER": 4, "MUSYM": "AgC3", "MUKEY": "378697", "muname": "Altoga silty clay, 2 to 5 percent slopes, eroded"}, "geometry": {"type": "Polygon", "coordinates": [[[-97.8010473002691, 30.0566291588995], [-97.8005393094701, 30.0573809865755], [-97.799569685384, 30.057250935887], [-97.7997819726206, 30.0567004308522], [-97.80106034455429, 30.055468771318314], [-97.80351205419497, 30.055406966686284], [-97.8010473002691, 30.0566291588995]]]}}, {"type": "Feature", "properties": {"AREASYMBOL": "TX604", "SPATIALVER": 4, "MUSYM": "AgC3", "MUKEY": "378697", "muname": "Altoga silty clay, 2 to 5 percent slopes, eroded"}, "geometry": {"type": "Polygon", "coordinates": [[[-97.801113262342, 30.0554177871751], [-97.802842327314, 30.0550901379635], [-97.80348750920604, 30.054722317229402], [-97.80351205419497, 30.055406966686284], [-97.801113262342, 30.0554177871751]]]}}, {"type": "Feature", "properties": {"AREASYMBOL": "TX604", "SPATIALVER": 4, "MUSYM": "AgD3", "MUKEY": "378699", "muname": "Altoga silty clay, 5 to 8 percent slopes, eroded"}, "geometry": {"type": "Polygon", "coordinates": [[[-97.7865343449954, 30.0600372480156], [-97.78656332375849, 30.059987006490392], [-97.7865646318813, 30.060104909844203], [-97.7865343449954, 30.0600372480156]]]}}, {"type": "Feature", "properties": {"AREASYMBOL": "TX604", "SPATIALVER": 4, "MUSYM": "TaB", "MUKEY": "393652", "muname": "Tarpley clay, 1 to 3 percent slopes"}, "geometry": {"type": "Polygon", "coordinates": [[[-97.9499815796665, 30.1120682282378], [-97.9502582351413, 30.1123417436647], [-97.95022184088289, 30.112942356614603], [-97.949143112768, 30.11191610969721], [-97.9499815796665, 30.1120682282378]]]}}, {"type": "Feature", "properties": {"AREASYMBOL": "TX604", "SPATIALVER": 4, "MUSYM": "HeD3", "MUKEY": "390701", "muname": "Heiden clay, 5 to 8 percent slopes, eroded"}, "geometry": {"type": "Polygon", "coordinates": [[[-97.7781287637724, 30.05764089419816], [-97.7782939458525, 30.0586817489023], [-97.7779760885436, 30.0591591244796], [-97.77737287279615, 30.059361580796587], [-97.7766659516485, 30.058981553167424], [-97.7781287637724, 30.05764089419816]]]}}, {"type": "Feature", "properties": {"AREASYMBOL": "TX604", "SPATIALVER": 4, "MUSYM": "RUD", "MUKEY": "393481", "muname": "Rumple-Comfort, rubbly association, 1 to 8 percent slopes"}, "geometry": {"type": "Polygon", "coordinates": [[[-98.0299210449447, 29.9691956388616], [-98.0294366664777, 29.9693254169431], [-98.0287265568162, 29.9718787307975], [-98.0276118851085, 29.97245015549], [-98.0268116239914, 29.9724334414778], [-98.0263257185991, 29.9721215499852], [-98.0257153605254, 29.972233813901], [-98.0255481688387, 29.972692114195], [-98.0260152639515, 29.974435765238], [-98.0243961011633, 29.9756321450219], [-98.0233860827897, 29.9760744878008], [-98.0218660661378, 29.974755928835], [-98.0220523421123, 29.9736356642685], [-98.0216986713081, 29.97252527103239], [-98.02157816476769, 29.96779816739629], [-98.0226234682393, 29.9660353347114], [-98.0227466841418, 29.9647133961153], [-98.0217956465194, 29.9635771813648], [-98.0197719722869, 29.9630304669289], [-98.0193252171942, 29.9611773013481], [-98.0187765050647, 29.960498752601602], [-98.016042639922, 29.9624683034748], [-98.0139790253833, 29.9627479106426], [-98.0130315077148, 29.9632818664183], [-98.01181332452094, 29.964863345760246], [-98.01069838650375, 29.964888023690694], [-98.00410999660814, 29.95925868889033], [-98.00230532142108, 29.960883623231112], [-98.0019043825471, 29.96021283149963], [-98.00344610436107, 29.958700123137014], [-98.00116026388453, 29.95675741387597], [-98.00867506933078, 29.949972537703548], [-98.01448417569434, 29.94780316089926], [-98.01937259626605, 29.952294891667297], [-98.02389211488644, 29.957650737707525], [-98.02757062838161, 29.963474350050227], [-98.03023362871136, 29.969391173199092], [-98.0299210449447, 29.9691956388616]]]}}, {"type": "Feature", "properties": {"AREASYMBOL": "TX604", "SPATIALVER": 4, "MUSYM": "RUD", "MUKEY": "393481", "muname": "Rumple-Comfort, rubbly association, 1 to 8 percent slopes"}, "geometry": {"type": "Polygon", "coordinates": [[[-98.010701992797, 29.9667004898873], [-98.00964999413, 29.96767531323], [-98.0072710620525, 29.9681760163325], [-98.0060292858138, 29.9687288249344], [-98.0052286056235, 29.9686930319698], [-98.000948156059, 29.9671408126936], [-97.9995790146668, 29.966290598708], [-97.9991123243138, 29.9654382938324], [-97.99879652791711, 29.964069587339097], [-98.00410999660814, 29.95925868889033], [-98.01069825738502, 29.96488840888397], [-98.010701992797, 29.9667004898873]]]}}, {"type": "Feature", "properties": {"AREASYMBOL": "TX604", "SPATIALVER": 4, "MUSYM": "RUD", "MUKEY": "393481", "muname": "Rumple-Comfort, rubbly association, 1 to 8 percent slopes"}, "geometry": {"type": "Polygon", "coordinates": [[[-98.02157815972959, 29.96779817589269], [-98.02157856539694, 29.967814997489185], [-98.02156811713517, 29.967815112040082], [-98.02157815972959, 29.96779817589269]]]}}, {"type": "Feature", "properties": {"AREASYMBOL": "TX604", "SPATIALVER": 4, "MUSYM": "RUD", "MUKEY": "393481", "muname": "Rumple-Comfort, rubbly association, 1 to 8 percent slopes"}, "geometry": {"type": "Polygon", "coordinates": [[[-98.0204646420536, 29.9704812902935], [-98.0212178139247, 29.9684058744032], [-98.02157857060358, 29.967814994820497], [-98.0216986713081, 29.97252527103239], [-98.0204646420536, 29.9704812902935]]]}}, {"type": "Feature", "properties": {"AREASYMBOL": "TX604", "SPATIALVER": 4, "MUSYM": "HvD", "MUKEY": "390705", "muname": "Houston Black gravelly clay, 3 to 8 percent slopes"}, "geometry": {"type": "Polygon", "coordinates": [[[-97.78410884318714, 29.979017567928548], [-97.7823208176756, 29.9792934170424], [-97.7810770204311, 29.9781924196047], [-97.7803601858412, 29.9779535196163], [-97.7797919916728, 29.978064618199], [-97.77954071112056, 29.97847852726099], [-97.77835461455602, 29.977463755852135], [-97.7797316446645, 29.97573763148256], [-97.78064122052947, 29.976077529551556], [-97.78410884318714, 29.979017567928548]]]}}, {"type": "Feature", "properties": {"AREASYMBOL": "TX604", "SPATIALVER": 4, "MUSYM": "GrC", "MUKEY": "390698", "muname": "Gruene clay, 1 to 5 percent slopes"}, "geometry": {"type": "MultiPolygon", "coordinates": [[[[-97.87544314568444, 29.942779221123203], [-97.87552636042406, 29.942770978212913], [-97.87543233856748, 29.942901686149547], [-97.87544314568444, 29.942779221123203]]], [[[-97.8729522630869, 29.940094484234], [-97.8726543475791, 29.93893764516], [-97.8728842809946, 29.9382396031272], [-97.87458207008238, 29.937147913685767], [-97.87798024927284, 29.940080024657664], [-97.87801969225625, 29.94036910174037], [-97.87714876697277, 29.941148219269646], [-97.87563779714986, 29.9398819475598], [-97.87422581499072, 29.94115561647319], [-97.8729522630869, 29.940094484234]]]]}}, {"type": "Feature", "properties": {"AREASYMBOL": "TX604", "SPATIALVER": 4, "MUSYM": "AnB", "MUKEY": "378701", "muname": "Anhalt clay, 1 to 3 percent slopes"}, "geometry": {"type": "Polygon", "coordinates": [[[-97.95249070263681, 29.920197723774162], [-97.95361960101773, 29.918256397569902], [-97.95682613221203, 29.919561350719142], [-97.9568601094065, 29.9199127979314], [-97.95829321584513, 29.92134522030552], [-97.95592636368303, 29.9233828657172], [-97.9546630821397, 29.9222283638324], [-97.95391743425375, 29.922285335076793], [-97.95249070263681, 29.920197723774162]]]}}, {"type": "Feature", "properties": {"AREASYMBOL": "TX604", "SPATIALVER": 4, "MUSYM": "HoB", "MUKEY": "390703", "muname": "Houston Black clay, 1 to 3 percent slopes"}, "geometry": {"type": "Polygon", "coordinates": [[[-97.78434120813965, 30.060506251503334], [-97.7846971418945, 30.06130800820959], [-97.78385685497892, 30.061322407919775], [-97.78394373340815, 30.060665971405147], [-97.7843070783566, 30.060683006845874], [-97.78434120813965, 30.060506251503334]]]}}, {"type": "Feature", "properties": {"AREASYMBOL": "TX604", "SPATIALVER": 4, "MUSYM": "HoB", "MUKEY": "390703", "muname": "Houston Black clay, 1 to 3 percent slopes"}, "geometry": {"type": "MultiPolygon", "coordinates": [[[[-97.7822331401933, 30.057999349212714], [-97.78250691513813, 30.058231292139997], [-97.78237554691577, 30.058297777180258], [-97.7822331401933, 30.057999349212714]]], [[[-97.78311410397389, 30.058984350635054], [-97.78430717535875, 30.060682787588185], [-97.78394368619662, 30.060667317950642], [-97.78385699065427, 30.0613215565759], [-97.78357919056586, 30.061326442243484], [-97.78366237176293, 30.060912493353054], [-97.7831987145331, 30.060358379227367], [-97.78316592624563, 30.059669969649576], [-97.78279167391808, 30.05905035633258], [-97.78311410397389, 30.058984350635054]]]]}}, {"type": "Feature", "properties": {"AREASYMBOL": "TX604", "SPATIALVER": 4, "MUSYM": "KrB", "MUKEY": "393469", "muname": "Krum clay, 1 to 3 percent slopes"}, "geometry": {"type": "Polygon", "coordinates": [[[-97.8551390979479, 29.9305843271344], [-97.8538315206552, 29.9299791078155], [-97.8506680537137, 29.9272463444253], [-97.8498463380799, 29.9269898206313], [-97.846520689547, 29.927287649001], [-97.8459313013107, 29.9276374519655], [-97.845871089927, 29.9288869742949], [-97.8452014008093, 29.9309806193333], [-97.8440876194331, 29.9319008583312], [-97.8440059501941, 29.933351749664], [-97.842997990127, 29.9346019145367], [-97.8429792803288, 29.935482930632], [-97.8417565125793, 29.9350068515913], [-97.8416698477485, 29.9335380715227], [-97.8419821630911, 29.9320129841437], [-97.8422540512222, 29.9311862879872], [-97.8434511860438, 29.929586774541], [-97.8429833159773, 29.9275303519661], [-97.8437611522413, 29.926611275185], [-97.843780656101, 29.9257662858479], [-97.8440951659776, 29.9251786405125], [-97.8445368313207, 29.9251783986236], [-97.8453394670206, 29.9261140789938], [-97.84590838619, 29.9263334400927], [-97.8462862781841, 29.9259845048846], [-97.84616767292289, 29.925223749349637], [-97.84787674601903, 29.926294546132894], [-97.85051203134009, 29.92601879435731], [-97.8525423270411, 29.9273723441314], [-97.85629960461843, 29.92785909946484], [-97.859728453769, 29.929200109258737], [-97.85837794851822, 29.930437869342736], [-97.8551390979479, 29.9305843271344]]]}}, {"type": "Feature", "properties": {"AREASYMBOL": "TX604", "SPATIALVER": 4, "MUSYM": "KrB", "MUKEY": "393469", "muname": "Krum clay, 1 to 3 percent slopes"}, "geometry": {"type": "Polygon", "coordinates": [[[-97.86086468319766, 29.92846099954022], [-97.8628224331423, 29.9299506348632], [-97.8628655357439, 29.9303907078794], [-97.8618774195356, 29.9308510567668], [-97.85868321862264, 29.930424065314305], [-97.86086468319766, 29.92846099954022]]]}}, {"type": "Feature", "properties": {"AREASYMBOL": "TX604", "SPATIALVER": 4, "MUSYM": "W", "MUKEY": "393654", "muname": "Water"}, "geometry": {"type": "Polygon", "coordinates": [[[-97.8025212066485, 30.0573114298898], [-97.8028581962952, 30.0577159181418], [-97.8016951381289, 30.057833552081412], [-97.8014031964706, 30.0575668390262], [-97.8014250399316, 30.0572357470565], [-97.8026700176555, 30.0566132691875], [-97.8025212066485, 30.0573114298898]]]}}, {"type": "Feature", "properties": {"AREASYMBOL": "TX604", "SPATIALVER": 4, "MUSYM": "HvD", "MUKEY": "390705", "muname": "Houston Black gravelly clay, 3 to 8 percent slopes"}, "geometry": {"type": "Polygon", "coordinates": [[[-97.7951850833889, 29.9885415403859], [-97.7969085671321, 29.9866862692808], [-97.79746765739975, 29.986331039164487], [-97.79591831163881, 29.988448108585377], [-97.79570728924894, 29.988327971039283], [-97.79488182574786, 29.989409550709908], [-97.7951850833889, 29.9885415403859]]]}}, {"type": "Feature", "properties": {"AREASYMBOL": "TX604", "SPATIALVER": 4, "MUSYM": "KrC", "MUKEY": "393470", "muname": "Krum clay, 3 to 5 percent slopes"}, "geometry": {"type": "Polygon", "coordinates": [[[-98.0220133519102, 29.9834379898435], [-98.02199135257317, 29.983502456689433], [-98.02198945464303, 29.98341622152552], [-98.0220133519102, 29.9834379898435]]]}}, {"type": "Feature", "properties": {"AREASYMBOL": "TX604", "SPATIALVER": 4, "MUSYM": "KrC", "MUKEY": "393470", "muname": "Krum clay, 3 to 5 percent slopes"}, "geometry": {"type": "Polygon", "coordinates": [[[-98.0205815276189, 29.9837348612837], [-98.0195894294202, 29.9828364915208], [-98.0211686160146, 29.9826685094065], [-98.02198945464303, 29.98341622152552], [-98.0217626202334, 29.9841727338202], [-98.0205815276189, 29.9837348612837]]]}}, {"type": "Feature", "properties": {"AREASYMBOL": "TX604", "SPATIALVER": 4, "MUSYM": "ByA", "MUKEY": "378710", "muname": "Branyon clay, 0 to 1 percent slopes"}, "geometry": {"type": "Polygon", "coordinates": [[[-97.8563024120998, 29.9531001315128], [-97.8554994699344, 29.9515218877786], [-97.8567205511805, 29.9514470727441], [-97.8580655230061, 29.9504714386241], [-97.8609763051502, 29.9524338621998], [-97.8613796683382, 29.9537187022138], [-97.861106661071, 29.9543984971883], [-97.8601400030846, 29.9553181471072], [-97.8589823268956, 29.9555397494993], [-97.8563024120998, 29.9531001315128]]]}}, {"type": "Feature", "properties": {"AREASYMBOL": "TX604", "SPATIALVER": 4, "MUSYM": "ErG", "MUKEY": "390696", "muname": "Eckrant-Rock outcrop association, 8 to 30 percent slopes"}, "geometry": {"type": "Polygon", "coordinates": [[[-97.99417535774974, 29.979577955944926], [-97.9944519385695, 29.9799663056026], [-97.9966308079646, 29.979541664537], [-97.99677349984398, 29.979808056829608], [-97.99472824646298, 29.981395882116033], [-97.99347540180916, 29.979918042525505], [-97.99417535774974, 29.979577955944926]]]}}, {"type": "Feature", "properties": {"AREASYMBOL": "TX604", "SPATIALVER": 4, "MUSYM": "ErG", "MUKEY": "390696", "muname": "Eckrant-Rock outcrop association, 8 to 30 percent slopes"}, "geometry": {"type": "Polygon", "coordinates": [[[-98.0309622644856, 29.9728098368345], [-98.0311968311356, 29.9739105871573], [-98.03168003222015, 29.974111700727256], [-98.03200150182543, 29.97543530993844], [-98.03149340357882, 29.9759515666076], [-98.0298751663546, 29.9761904010424], [-98.0295189315166, 29.9767234216321], [-98.0296903387833, 29.9777874793073], [-98.027605763108, 29.9784526066581], [-98.0270802190573, 29.9788941099711], [-98.0272500827049, 29.9793894244819], [-98.027798301121, 29.979406302769], [-98.02930746186973, 29.97892751282937], [-98.02874860728826, 29.980067938870878], [-98.0261812008206, 29.9817041368023], [-98.024626163222, 29.9831940583179], [-98.0238893093121, 29.9833978848446], [-98.02197491533884, 29.982836203516946], [-98.02171383980884, 29.97304897240884], [-98.0220523421123, 29.9736356642685], [-98.0218660661378, 29.974755928835], [-98.0230912878908, 29.9759834933188], [-98.023743821621, 29.9759822369313], [-98.0260152639515, 29.974435765238], [-98.0255481688387, 29.972692114195], [-98.0257153605254, 29.972233813901], [-98.0263257185991, 29.9721215499852], [-98.0268116239914, 29.9724334414778], [-98.0276118851085, 29.97245015549], [-98.0287265568162, 29.9718787307975], [-98.0294366664777, 29.9693254169431], [-98.0299210449447, 29.9691956388616], [-98.03023362871136, 29.969391173199092], [-98.03123278389388, 29.972417776581764], [-98.0309622644856, 29.9728098368345]]]}}, {"type": "Feature", "properties": {"AREASYMBOL": "TX604", "SPATIALVER": 4, "MUSYM": "ErG", "MUKEY": "390696", "muname": "Eckrant-Rock outcrop association, 8 to 30 percent slopes"}, "geometry": {"type": "Polygon", "coordinates": [[[-98.0214010096617, 29.9826678201501], [-98.0192730097412, 29.9828378268711], [-98.0172910788989, 29.9821073326973], [-98.01604104832073, 29.98227895738206], [-98.01595769590777, 29.979477323019648], [-98.0163771717674, 29.97909827076], [-98.0171146545701, 29.9791333460498], [-98.0181862085932, 29.977810183459], [-98.0203325835034, 29.9768700738358], [-98.0202678135517, 29.9763006945982], [-98.0187285212884, 29.9754223259709], [-98.018830806831, 29.9741747212815], [-98.019713267631, 29.9733102200848], [-98.0207232498146, 29.9728670074901], [-98.02171383980884, 29.97304897240884], [-98.02197491533884, 29.982836203516946], [-98.0214010096617, 29.9826678201501]]]}}, {"type": "Feature", "properties": {"AREASYMBOL": "TX604", "SPATIALVER": 4, "MUSYM": "HeC3", "MUKEY": "390700", "muname": "Heiden clay, 3 to 5 percent slopes, eroded"}, "geometry": {"type": "MultiPolygon", "coordinates": [[[[-97.77687623101863, 30.0135477398549], [-97.7747209632687, 30.0119394484038], [-97.7742592826508, 30.0112232186178], [-97.7739980740186, 30.008021284664046], [-97.77750005498774, 30.004785978717916], [-97.7798336443321, 30.0066064988931], [-97.7803582258204, 30.0075434032621], [-97.7820423937123, 30.0082072645985], [-97.78194782248273, 30.008941697516917], [-97.7813886091952, 30.009441415185588], [-97.7787572781782, 30.0073206890981], [-97.7780433345415, 30.0060714071228], [-97.7773909748605, 30.0058494766194], [-97.777074398953, 30.0060880497981], [-97.7771776415377, 30.0071715100044], [-97.7764177326244, 30.0073532897988], [-97.7758694093855, 30.0078669043188], [-97.7756973521659, 30.0089863736504], [-97.7766182460485, 30.0115571665256], [-97.7774600406814, 30.0120914656079], [-97.77829214872938, 30.0122301109053], [-97.77687623101863, 30.0135477398549]]], [[[-97.78036186441584, 30.010358491409278], [-97.7796138676999, 30.0101304482687], [-97.78066129433174, 30.010091349827825], [-97.78036186441584, 30.010358491409278]]]]}}, {"type": "Feature", "properties": {"AREASYMBOL": "TX604", "SPATIALVER": 4, "MUSYM": "HeC3", "MUKEY": "390700", "muname": "Heiden clay, 3 to 5 percent slopes, eroded"}, "geometry": {"type": "Polygon", "coordinates": [[[-97.78336184896818, 30.018716114299938], [-97.7833462811261, 30.019118323518025], [-97.78312383058507, 30.01892829601925], [-97.78336184896818, 30.018716114299938]]]}}, {"type": "Feature", "properties": {"AREASYMBOL": "TX604", "SPATIALVER": 4, "MUSYM": "HeC3", "MUKEY": "390700", "muname": "Heiden clay, 3 to 5 percent slopes, eroded"}, "geometry": {"type": "Polygon", "coordinates": [[[-97.78336184896818, 30.018716114299938], [-97.7833462811261, 30.019118323518025], [-97.78312383058507, 30.01892829601925], [-97.78336184896818, 30.018716114299938]]]}}, {"type": "Feature", "properties": {"AREASYMBOL": "TX604", "SPATIALVER": 4, "MUSYM": "HeB", "MUKEY": "390699", "muname": "Heiden clay, 1 to 3 percent slopes"}, "geometry": {"type": "Polygon", "coordinates": [[[-97.79813696075702, 30.054905880897334], [-97.79812173978786, 30.05412187053025], [-97.7987939194625, 30.05410652029836], [-97.7988182924802, 30.0541289726337], [-97.79813696075702, 30.054905880897334]]]}}, {"type": "Feature", "properties": {"AREASYMBOL": "TX604", "SPATIALVER": 4, "MUSYM": "HoB", "MUKEY": "390703", "muname": "Houston Black clay, 1 to 3 percent slopes"}, "geometry": {"type": "MultiPolygon", "coordinates": [[[[-97.7733666942352, 30.0143605661366], [-97.7730949697513, 30.0132591215444], [-97.7737901138416, 30.0132965236846], [-97.77587098846347, 30.014483201486605], [-97.77351632368001, 30.01667441250242], [-97.77330765303391, 30.016493966033938], [-97.7733666942352, 30.0143605661366]]], [[[-97.7752450350117, 30.0129502775876], [-97.7740875296416, 30.0125995319332], [-97.7744249086294, 30.0123615353439], [-97.7741732581683, 30.0120492718434], [-97.7737510838484, 30.0120119540585], [-97.7736456955441, 30.0123236974453], [-97.7731824640894, 30.0120662330899], [-97.7726566183381, 30.0115511177951], [-97.77195360374358, 30.01012426419172], [-97.77197294062987, 30.00984597432382], [-97.7739980740186, 30.008021284664046], [-97.7742592826508, 30.0112232186178], [-97.7747209632687, 30.0119394484038], [-97.77687623101863, 30.0135477398549], [-97.77632024594384, 30.01406513011319], [-97.7752450350117, 30.0129502775876]]], [[[-97.7820277463494, 30.005270240473], [-97.7835442926076, 30.0053825244191], [-97.7852733516583, 30.004908191289], [-97.78643428434629, 30.004937516962872], [-97.78205864054182, 30.008842669572896], [-97.782167783741, 30.0083908848321], [-97.7803582258204, 30.0075434032621], [-97.7798336443321, 30.0066064988931], [-97.77746706243508, 30.00481659259943], [-97.7785607081955, 30.003801795652034], [-97.7820277463494, 30.005270240473]]], [[[-97.7768913231, 30.0118519528827], [-97.7761776594716, 30.0107126214247], [-97.7756973521659, 30.0089863736504], [-97.7758694093855, 30.0078669043188], [-97.7764177326244, 30.0073532897988], [-97.7771776415377, 30.0071715100044], [-97.779718987269, 30.010240496033], [-97.78037897864985, 30.010343226590408], [-97.77834922717653, 30.012176994672764], [-97.7768913231, 30.0118519528827]]]]}}, {"type": "Feature", "properties": {"AREASYMBOL": "TX604", "SPATIALVER": 4, "MUSYM": "HoB", "MUKEY": "390703", "muname": "Houston Black clay, 1 to 3 percent slopes"}, "geometry": {"type": "Polygon", "coordinates": [[[-97.78341246441501, 30.018670993093316], [-97.78541187500772, 30.016887120760874], [-97.78583116037537, 30.017354574231277], [-97.7851060483836, 30.01801963016637], [-97.78481515986776, 30.017771142632686], [-97.78352343485867, 30.018955847123266], [-97.78341246441501, 30.018670993093316]]]}}, {"type": "Feature", "properties": {"AREASYMBOL": "TX604", "SPATIALVER": 4, "MUSYM": "HoB", "MUKEY": "390703", "muname": "Houston Black clay, 1 to 3 percent slopes"}, "geometry": {"type": "Polygon", "coordinates": [[[-97.78341246441501, 30.018670993093316], [-97.78541187500772, 30.016887120760874], [-97.78583116037537, 30.017354574231277], [-97.7851060483836, 30.01801963016637], [-97.78481515986776, 30.017771142632686], [-97.78352343485867, 30.018955847123266], [-97.78341246441501, 30.018670993093316]]]}}, {"type": "Feature", "properties": {"AREASYMBOL": "TX604", "SPATIALVER": 4, "MUSYM": "HoB", "MUKEY": "390703", "muname": "Houston Black clay, 1 to 3 percent slopes"}, "geometry": {"type": "Polygon", "coordinates": [[[-97.78482726024238, 30.016393916027116], [-97.78541187500772, 30.016887120760874], [-97.78503773895645, 30.01722210752322], [-97.78445301665495, 30.016725309468097], [-97.78482726024238, 30.016393916027116]]]}}, {"type": "Feature", "properties": {"AREASYMBOL": "TX604", "SPATIALVER": 4, "MUSYM": "HoB", "MUKEY": "390703", "muname": "Houston Black clay, 1 to 3 percent slopes"}, "geometry": {"type": "Polygon", "coordinates": [[[-97.78583116037537, 30.017354574231277], [-97.78482726024238, 30.016393916027116], [-97.78502497790329, 30.01621883612799], [-97.78607578985712, 30.0171302024291], [-97.78583116037537, 30.017354574231277]]]}}, {"type": "Feature", "properties": {"AREASYMBOL": "TX604", "SPATIALVER": 4, "MUSYM": "HoB", "MUKEY": "390703", "muname": "Houston Black clay, 1 to 3 percent slopes"}, "geometry": {"type": "Polygon", "coordinates": [[[-97.7852910228725, 30.015983249988718], [-97.78633674054903, 30.016890859309033], [-97.78607578985712, 30.0171302024291], [-97.78502497790329, 30.01621883612799], [-97.7852910228725, 30.015983249988718]]]}}, {"type": "Feature", "properties": {"AREASYMBOL": "TX604", "SPATIALVER": 4, "MUSYM": "HoB", "MUKEY": "390703", "muname": "Houston Black clay, 1 to 3 percent slopes"}, "geometry": {"type": "Polygon", "coordinates": [[[-97.78660018040188, 30.01664923223012], [-97.78633674054903, 30.016890859309033], [-97.78586614101728, 30.0164803817958], [-97.78660935310151, 30.01581492109227], [-97.78660018040188, 30.01664923223012]]]}}, {"type": "Feature", "properties": {"AREASYMBOL": "TX604", "SPATIALVER": 4, "MUSYM": "RUD", "MUKEY": "393481", "muname": "Rumple-Comfort, rubbly association, 1 to 8 percent slopes"}, "geometry": {"type": "Polygon", "coordinates": [[[-97.9617902790385, 30.114891445353], [-97.96224092423101, 30.117184708528637], [-97.95864570264341, 30.117207051926954], [-97.95643736527518, 30.11675312283299], [-97.95221232721073, 30.114551811203196], [-97.9509411652394, 30.113626685124533], [-97.9530943143912, 30.1137969621727], [-97.9558002514291, 30.1147561231072], [-97.9571903230875, 30.1145655035301], [-97.9568914883974, 30.1140157665377], [-97.9548030502333, 30.1138980534253], [-97.9535764644766, 30.1134450505524], [-97.9528555625273, 30.1128433531024], [-97.952445961133, 30.1116521926842], [-97.95191573527, 30.1111588257765], [-97.9496993797125, 30.1108576681717], [-97.9470981455421, 30.1098793704772], [-97.9455188105672, 30.10848004094504], [-97.9454134116457, 30.1072258090907], [-97.9450296793488, 30.106640594619], [-97.9447044491512, 30.1053199361429], [-97.9438793438238, 30.1049200671827], [-97.94232987396798, 30.10546481187063], [-97.93751379626315, 30.10093052720673], [-97.92964191589002, 30.09585459550009], [-97.92837546866319, 30.09531868750488], [-97.92807231164745, 30.074770186754098], [-97.92647354631727, 30.074778318269583], [-97.92642792032295, 30.0716501237866], [-97.93481966670105, 30.07171242825072], [-97.93491860568632, 30.075191257452246], [-97.93667516224855, 30.07436542717481], [-97.93799466342236, 30.073398060860487], [-97.93797501741932, 30.09148688820025], [-97.96036795107688, 30.090857609650154], [-97.96048129305375, 30.098482050135893], [-97.96200329095151, 30.114659261794472], [-97.9617902790385, 30.114891445353]]]}}, {"type": "Feature", "properties": {"AREASYMBOL": "TX604", "SPATIALVER": 4, "MUSYM": "RUD", "MUKEY": "393481", "muname": "Rumple-Comfort, rubbly association, 1 to 8 percent slopes"}, "geometry": {"type": "Polygon", "coordinates": [[[-98.00971669362681, 30.00781116114055], [-98.00951129261954, 30.008490206434313], [-98.01014015714044, 30.009519090557443], [-98.0081869380382, 30.010728224000626], [-98.00825839061099, 30.008155826601783], [-98.00971669362681, 30.00781116114055]]]}}, {"type": "Feature", "properties": {"AREASYMBOL": "TX604", "SPATIALVER": 4, "MUSYM": "RUD", "MUKEY": "393481", "muname": "Rumple-Comfort, rubbly association, 1 to 8 percent slopes"}, "geometry": {"type": "Polygon", "coordinates": [[[-98.0122648254184, 30.02118211885107], [-98.01235764406412, 30.023658078240512], [-98.01151737833612, 30.023668244606583], [-98.01143628366557, 30.02115089803651], [-98.0122648254184, 30.02118211885107]]]}}, {"type": "Feature", "properties": {"AREASYMBOL": "TX604", "SPATIALVER": 4, "MUSYM": "RUD", "MUKEY": "393481", "muname": "Rumple-Comfort, rubbly association, 1 to 8 percent slopes"}, "geometry": {"type": "Polygon", "coordinates": [[[-98.01250775583837, 30.021166514437418], [-98.01336633195014, 30.021064215062726], [-98.01340318333452, 30.023645436876432], [-98.01254755746959, 30.0236557829136], [-98.01250775583837, 30.021166514437418]]]}}, {"type": "Feature", "properties": {"AREASYMBOL": "TX604", "SPATIALVER": 4, "MUSYM": "RUD", "MUKEY": "393481", "muname": "Rumple-Comfort, rubbly association, 1 to 8 percent slopes"}, "geometry": {"type": "Polygon", "coordinates": [[[-98.01231807806705, 30.021182931558137], [-98.01250775583837, 30.021166514437418], [-98.01254755746959, 30.0236557829136], [-98.0146087962643, 30.023630832375705], [-98.01453077831985, 30.031902980178803], [-98.00994849091384, 30.03195818471953], [-98.01002650069636, 30.02368627061075], [-98.01235764406412, 30.023658078240512], [-98.01231807806705, 30.021182931558137]]]}}, {"type": "Feature", "properties": {"AREASYMBOL": "TX604", "SPATIALVER": 4, "MUSYM": "RUD", "MUKEY": "393481", "muname": "Rumple-Comfort, rubbly association, 1 to 8 percent slopes"}, "geometry": {"type": "Polygon", "coordinates": [[[-98.00947926233073, 30.013541237028317], [-98.01073926197897, 30.01248645100611], [-98.0110872033796, 30.013768559861994], [-98.01102106660771, 30.014520001315994], [-98.01057491824518, 30.014804629610502], [-98.00947926233073, 30.013541237028317]]]}}, {"type": "Feature", "properties": {"AREASYMBOL": "TX604", "SPATIALVER": 4, "MUSYM": "RUD", "MUKEY": "393481", "muname": "Rumple-Comfort, rubbly association, 1 to 8 percent slopes"}, "geometry": {"type": "Polygon", "coordinates": [[[-98.0092688977582, 30.012127977009342], [-98.01007611151195, 30.011383867349736], [-98.01073926197897, 30.01248645100611], [-98.00947926233073, 30.013541237028317], [-98.00872036853724, 30.013123004934595], [-98.0092688977582, 30.012127977009342]]]}}, {"type": "Feature", "properties": {"AREASYMBOL": "TX604", "SPATIALVER": 4, "MUSYM": "RUD", "MUKEY": "393481", "muname": "Rumple-Comfort, rubbly association, 1 to 8 percent slopes"}, "geometry": {"type": "Polygon", "coordinates": [[[-98.01729199280324, 30.00657552155145], [-98.01798250829114, 30.006970617505697], [-98.01820429654559, 30.007501594262713], [-98.01639263665108, 30.008282374438775], [-98.01568707338438, 30.007964958150442], [-98.01729199280324, 30.00657552155145]]]}}, {"type": "Feature", "properties": {"AREASYMBOL": "TX604", "SPATIALVER": 4, "MUSYM": "RUD", "MUKEY": "393481", "muname": "Rumple-Comfort, rubbly association, 1 to 8 percent slopes"}, "geometry": {"type": "Polygon", "coordinates": [[[-97.8897557044725, 30.0609710791875], [-97.8897824898244, 30.0586960130024], [-97.8904381771069, 30.0589856927694], [-97.8907946786316, 30.0587272033865], [-97.8914185840504, 30.0574953101207], [-97.892674140314, 30.0561858040617], [-97.8932974969241, 30.0547511316022], [-97.8950942169518, 30.0524120651084], [-97.8970267288363, 30.0514665762024], [-97.8982219994459, 30.0504328996954], [-97.89897838179981, 30.048805246425054], [-97.89975659494836, 30.05774386805071], [-97.89128025896414, 30.05791536671777], [-97.89125657843364, 30.062209634816817], [-97.8897557044725, 30.0609710791875]]]}}, {"type": "Feature", "properties": {"AREASYMBOL": "TX604", "SPATIALVER": 4, "MUSYM": "RUD", "MUKEY": "393481", "muname": "Rumple-Comfort, rubbly association, 1 to 8 percent slopes"}, "geometry": {"type": "Polygon", "coordinates": [[[-98.00969819424648, 30.021238625141603], [-98.0098932228464, 30.02139306609493], [-98.01002650069636, 30.02368627061075], [-98.00994849091384, 30.03195818471953], [-98.00574710746761, 30.031939655192854], [-98.0058236526113, 30.023736945071732], [-98.00977208534117, 30.02368934748778], [-98.00969819424648, 30.021238625141603]]]}}, {"type": "Feature", "properties": {"AREASYMBOL": "TX604", "SPATIALVER": 4, "MUSYM": "RUD", "MUKEY": "393481", "muname": "Rumple-Comfort, rubbly association, 1 to 8 percent slopes"}, "geometry": {"type": "Polygon", "coordinates": [[[-98.00589265414905, 30.019134589676327], [-98.00813278522463, 30.019167543858902], [-98.0077467270973, 30.020092172385105], [-98.00587555261404, 30.020063758768966], [-98.00589265414905, 30.019134589676327]]]}}, {"type": "Feature", "properties": {"AREASYMBOL": "TX604", "SPATIALVER": 4, "MUSYM": "RUD", "MUKEY": "393481", "muname": "Rumple-Comfort, rubbly association, 1 to 8 percent slopes"}, "geometry": {"type": "Polygon", "coordinates": [[[-98.0181762228158, 30.0020153837998], [-98.01870978995242, 30.003854725240103], [-98.01811141067705, 30.004544530422084], [-98.0172610486206, 30.00417680295398], [-98.01769311988295, 30.002151350680514], [-98.0181762228158, 30.0020153837998]]]}}, {"type": "Feature", "properties": {"AREASYMBOL": "TX604", "SPATIALVER": 4, "MUSYM": "RUD", "MUKEY": "393481", "muname": "Rumple-Comfort, rubbly association, 1 to 8 percent slopes"}, "geometry": {"type": "Polygon", "coordinates": [[[-98.02045547000816, 30.008480481691528], [-98.02065941852575, 30.009028378271594], [-98.02037199195432, 30.008485348340237], [-98.02045547000816, 30.008480481691528]]]}}, {"type": "Feature", "properties": {"AREASYMBOL": "TX604", "SPATIALVER": 4, "MUSYM": "RUD", "MUKEY": "393481", "muname": "Rumple-Comfort, rubbly association, 1 to 8 percent slopes"}, "geometry": {"type": "Polygon", "coordinates": [[[-98.0197793381361, 30.0071774416125], [-98.0201783459658, 30.0077478218967], [-98.0203941331826, 30.00831831955778], [-98.0199392399156, 30.008278730359443], [-98.0197793381361, 30.0071774416125]]]}}, {"type": "Feature", "properties": {"AREASYMBOL": "TX604", "SPATIALVER": 4, "MUSYM": "RUD", "MUKEY": "393481", "muname": "Rumple-Comfort, rubbly association, 1 to 8 percent slopes"}, "geometry": {"type": "Polygon", "coordinates": [[[-98.01286969974878, 30.01342220122256], [-98.01230900919019, 30.01149382200861], [-98.01402129512185, 30.011932518826356], [-98.01356320855524, 30.012955413733494], [-98.01286969974878, 30.01342220122256]]]}}, {"type": "Feature", "properties": {"AREASYMBOL": "TX604", "SPATIALVER": 4, "MUSYM": "RUD", "MUKEY": "393481", "muname": "Rumple-Comfort, rubbly association, 1 to 8 percent slopes"}, "geometry": {"type": "Polygon", "coordinates": [[[-98.01206162345692, 30.01164175551411], [-98.01286969974878, 30.01342220122256], [-98.01253064390123, 30.013938145963138], [-98.0116818957076, 30.014081636667186], [-98.01179222702815, 30.012305583775934], [-98.01206162345692, 30.01164175551411]]]}}, {"type": "Feature", "properties": {"AREASYMBOL": "TX604", "SPATIALVER": 4, "MUSYM": "RUD", "MUKEY": "393481", "muname": "Rumple-Comfort, rubbly association, 1 to 8 percent slopes"}, "geometry": {"type": "Polygon", "coordinates": [[[-98.0143437324576, 30.0013802717157], [-98.0153760833092, 30.0013279098634], [-98.01592450765321, 30.00164860647763], [-98.01562190478363, 30.002200517043004], [-98.01417364112841, 30.00157415287222], [-98.0143437324576, 30.0013802717157]]]}}, {"type": "Feature", "properties": {"AREASYMBOL": "TX604", "SPATIALVER": 4, "MUSYM": "RUD", "MUKEY": "393481", "muname": "Rumple-Comfort, rubbly association, 1 to 8 percent slopes"}, "geometry": {"type": "Polygon", "coordinates": [[[-98.01402846067968, 30.01192671437705], [-98.01580252122898, 30.011847130403197], [-98.0154431193519, 30.012930097763125], [-98.01356388532419, 30.01295393369512], [-98.01402846067968, 30.01192671437705]]]}}, {"type": "Feature", "properties": {"AREASYMBOL": "TX604", "SPATIALVER": 4, "MUSYM": "HvB", "MUKEY": "390704", "muname": "Houston Black gravelly clay, 1 to 3 percent slopes"}, "geometry": {"type": "Polygon", "coordinates": [[[-97.79264107597955, 30.05567474905772], [-97.7930134781343, 30.0568907808544], [-97.79267005093789, 30.056866209171677], [-97.79264107597955, 30.05567474905772]]]}}, {"type": "Feature", "properties": {"AREASYMBOL": "TX604", "SPATIALVER": 4, "MUSYM": "ByA", "MUKEY": "378710", "muname": "Branyon clay, 0 to 1 percent slopes"}, "geometry": {"type": "Polygon", "coordinates": [[[-97.8026662355597, 30.0295527662307], [-97.80257600150543, 30.028919863446575], [-97.8038716729194, 30.029197657074196], [-97.80340900606278, 30.030272128506915], [-97.80248682386465, 30.02950675855554], [-97.8026662355597, 30.0295527662307]]]}}, {"type": "Feature", "properties": {"AREASYMBOL": "TX604", "SPATIALVER": 4, "MUSYM": "HeD3", "MUKEY": "390701", "muname": "Heiden clay, 5 to 8 percent slopes, eroded"}, "geometry": {"type": "Polygon", "coordinates": [[[-97.8005393094701, 30.0573809865755], [-97.8007513590678, 30.0568674319972], [-97.80351205419497, 30.055406966686284], [-97.80359762303986, 30.057780089172557], [-97.80204686340892, 30.057823668031094], [-97.8028581962952, 30.0577159181418], [-97.8025212066485, 30.0573114298898], [-97.8026700176555, 30.0566132691875], [-97.8014250399316, 30.0572357470565], [-97.8014031964706, 30.0575668390262], [-97.8016951381289, 30.057833552081412], [-97.80120983537898, 30.057847189875087], [-97.80123846124077, 30.058642931602837], [-97.80074004864028, 30.058656994363254], [-97.8005393094701, 30.0573809865755]]]}}, {"type": "Feature", "properties": {"AREASYMBOL": "TX604", "SPATIALVER": 4, "MUSYM": "HeD3", "MUKEY": "390701", "muname": "Heiden clay, 5 to 8 percent slopes, eroded"}, "geometry": {"type": "Polygon", "coordinates": [[[-97.80351127666583, 30.0553852785566], [-97.80351205419497, 30.055406966686284], [-97.8034688637914, 30.055408055464074], [-97.80351127666583, 30.0553852785566]]]}}, {"type": "Feature", "properties": {"AREASYMBOL": "TX604", "SPATIALVER": 4, "MUSYM": "HgD", "MUKEY": "390702", "muname": "Heiden gravelly clay, 3 to 8 percent slopes"}, "geometry": {"type": "Polygon", "coordinates": [[[-97.7930724173511, 30.0588372577211], [-97.79273002845218, 30.05933250490068], [-97.79271039454248, 30.058525151874722], [-97.7930724173511, 30.0588372577211]]]}}, {"type": "Feature", "properties": {"AREASYMBOL": "TX604", "SPATIALVER": 4, "MUSYM": "HgD", "MUKEY": "390702", "muname": "Heiden gravelly clay, 3 to 8 percent slopes"}, "geometry": {"type": "Polygon", "coordinates": [[[-97.78631946950433, 30.053594459687847], [-97.78649238573331, 30.05359324056647], [-97.78649885873953, 30.05417666372365], [-97.78631946950433, 30.053594459687847]]]}}, {"type": "Feature", "properties": {"AREASYMBOL": "TX604", "SPATIALVER": 4, "MUSYM": "AgC3", "MUKEY": "378697", "muname": "Altoga silty clay, 2 to 5 percent slopes, eroded"}, "geometry": {"type": "Polygon", "coordinates": [[[-97.8030495080528, 30.044734490958522], [-97.80283558027863, 30.045249798935394], [-97.80174696845162, 30.044748944816536], [-97.8030495080528, 30.044734490958522]]]}}, {"type": "Feature", "properties": {"AREASYMBOL": "TX604", "SPATIALVER": 4, "MUSYM": "HvD", "MUKEY": "390705", "muname": "Houston Black gravelly clay, 3 to 8 percent slopes"}, "geometry": {"type": "Polygon", "coordinates": [[[-97.8120514209326, 30.0568125791612], [-97.81186341685229, 30.056724129428726], [-97.81222281904365, 30.056726209678054], [-97.8120514209326, 30.0568125791612]]]}}, {"type": "Feature", "properties": {"AREASYMBOL": "TX604", "SPATIALVER": 4, "MUSYM": "TaB", "MUKEY": "393652", "muname": "Tarpley clay, 1 to 3 percent slopes"}, "geometry": {"type": "Polygon", "coordinates": [[[-97.89125662716275, 30.0622085256232], [-97.8910335941859, 30.065571100369418], [-97.88983775380657, 30.065995615206692], [-97.8884555914429, 30.066958420289193], [-97.88700415806792, 30.064086947000696], [-97.8854203490646, 30.062024214650936], [-97.8864256140995, 30.0609879463241], [-97.8866050821467, 30.0594816715316], [-97.8883960260651, 30.0593264350358], [-97.8889613835285, 30.0588462613768], [-97.8893989361532, 30.0580006026899], [-97.8898482281196, 30.0591175374624], [-97.8896915048645, 30.0608433172565], [-97.89125662716275, 30.0622085256232]]]}}, {"type": "Feature", "properties": {"AREASYMBOL": "TX604", "SPATIALVER": 4, "MUSYM": "AgD3", "MUKEY": "378699", "muname": "Altoga silty clay, 5 to 8 percent slopes, eroded"}, "geometry": {"type": "Polygon", "coordinates": [[[-97.8032525076286, 30.0507216328441], [-97.80344613916752, 30.05042876566991], [-97.80349023326492, 30.05161311868108], [-97.80331231890099, 30.05161299897659], [-97.8032525076286, 30.0507216328441]]]}}, {"type": "Feature", "properties": {"AREASYMBOL": "TX604", "SPATIALVER": 4, "MUSYM": "ByA", "MUKEY": "378710", "muname": "Branyon clay, 0 to 1 percent slopes"}, "geometry": {"type": "Polygon", "coordinates": [[[-97.8402681771568, 29.9383879428986], [-97.8399103327061, 29.9380577347705], [-97.8403941389174, 29.9381307184495], [-97.8418886694521, 29.9377251425104], [-97.842838227403, 29.938642114821], [-97.8439122783696, 29.938678087529], [-97.8442701625286, 29.9389163363026], [-97.8450301974418, 29.9398887678532], [-97.8402681771568, 29.9383879428986]]]}}, {"type": "Feature", "properties": {"AREASYMBOL": "TX604", "SPATIALVER": 4, "MUSYM": "MED", "MUKEY": "393474", "muname": "Medlin, warm-Eckrant association, 8 to 30 percent slopes"}, "geometry": {"type": "Polygon", "coordinates": [[[-97.9319782665813, 29.9195117455337], [-97.93307669228581, 29.921967869759317], [-97.93170810129294, 29.92315174863568], [-97.93099748587716, 29.922545271151378], [-97.93170085363431, 29.92116924430362], [-97.93179200727523, 29.9195524791266], [-97.9319782665813, 29.9195117455337]]]}}, {"type": "Feature", "properties": {"AREASYMBOL": "TX604", "SPATIALVER": 4, "MUSYM": "Tn", "MUKEY": "393653", "muname": "Tinn clay, 0 to 1 percent slopes, frequently flooded"}, "geometry": {"type": "MultiPolygon", "coordinates": [[[[-97.7866280684395, 30.0025787906661], [-97.78554917650806, 30.002323836657474], [-97.78635807948804, 30.001603320434285], [-97.7882953728506, 30.0014609927724], [-97.78910016561838, 30.002581187485244], [-97.78767422122515, 30.00384208340386], [-97.7866280684395, 30.0025787906661]]], [[[-97.7719549980423, 30.01010419792056], [-97.7726566183381, 30.0115511177951], [-97.7739393706801, 30.012563179553], [-97.7752450350117, 30.0129502775876], [-97.77632024594384, 30.01406513011319], [-97.77587098846347, 30.014483201486605], [-97.7737901138416, 30.0132965236846], [-97.7730949697513, 30.0132591215444], [-97.77182318201606, 30.01200124918309], [-97.7719549980423, 30.01010419792056]]], [[[-97.7713866386122, 30.014081701847], [-97.77093086993398, 30.014438827387558], [-97.7700294269718, 30.013661614014733], [-97.77158724394401, 30.012324562916124], [-97.7713866386122, 30.014081701847]]]]}}, {"type": "Feature", "properties": {"AREASYMBOL": "TX604", "SPATIALVER": 4, "MUSYM": "HeC3", "MUKEY": "390700", "muname": "Heiden clay, 3 to 5 percent slopes, eroded"}, "geometry": {"type": "Polygon", "coordinates": [[[-97.81893716438381, 29.998875848249583], [-97.81925905542703, 29.998585327801482], [-97.8194977995615, 29.998785736732472], [-97.81905923632618, 29.999181560531767], [-97.81893716438381, 29.998875848249583]]]}}, {"type": "Feature", "properties": {"AREASYMBOL": "TX604", "SPATIALVER": 4, "MUSYM": "HeC3", "MUKEY": "390700", "muname": "Heiden clay, 3 to 5 percent slopes, eroded"}, "geometry": {"type": "Polygon", "coordinates": [[[-97.81925905542703, 29.998585327801482], [-97.81875260582221, 29.99863841734164], [-97.81902713246774, 29.998390645158988], [-97.81925905542703, 29.998585327801482]]]}}, {"type": "Feature", "properties": {"AREASYMBOL": "TX604", "SPATIALVER": 4, "MUSYM": "HeC3", "MUKEY": "390700", "muname": "Heiden clay, 3 to 5 percent slopes, eroded"}, "geometry": {"type": "Polygon", "coordinates": [[[-97.81847345802565, 29.99849420279251], [-97.81879971583257, 29.99819974227359], [-97.81902713246774, 29.998390645158988], [-97.81875260582221, 29.99863841734164], [-97.81847345802565, 29.99849420279251]]]}}, {"type": "Feature", "properties": {"AREASYMBOL": "TX604", "SPATIALVER": 4, "MUSYM": "W", "MUKEY": "393654", "muname": "Water"}, "geometry": {"type": "Polygon", "coordinates": [[[-97.7918932414647, 29.9851650935599], [-97.7916198768306, 29.9854769223833], [-97.7913663288668, 29.984980841124], [-97.7916605916238, 29.984723651003], [-97.7918932414647, 29.9851650935599]]]}}, {"type": "Feature", "properties": {"AREASYMBOL": "TX604", "SPATIALVER": 4, "MUSYM": "HeC3", "MUKEY": "390700", "muname": "Heiden clay, 3 to 5 percent slopes, eroded"}, "geometry": {"type": "Polygon", "coordinates": [[[-97.7989185847827, 30.0562036500258], [-97.7990008245022, 30.0569746100511], [-97.7992751699826, 30.0572692935934], [-97.8005393094701, 30.0573809865755], [-97.80074004864028, 30.058656994363254], [-97.79881027970717, 30.058711243694194], [-97.79881752992873, 30.059010790428495], [-97.7980293513843, 30.0578547969159], [-97.79797713900176, 30.055546300468006], [-97.7991629530851, 30.055516602260294], [-97.7989185847827, 30.0562036500258]]]}}, {"type": "Feature", "properties": {"AREASYMBOL": "TX604", "SPATIALVER": 4, "MUSYM": "HeC3", "MUKEY": "390700", "muname": "Heiden clay, 3 to 5 percent slopes, eroded"}, "geometry": {"type": "Polygon", "coordinates": [[[-97.80157950718, 30.0543719528126], [-97.8007991477311, 30.0542054544704], [-97.8001034161321, 30.054443092424], [-97.7991629530851, 30.055516602260294], [-97.79814931353597, 30.055542154886226], [-97.79814012973257, 30.05506911029877], [-97.7988182924802, 30.0541289726337], [-97.80182258118228, 30.054037356261635], [-97.80157950718, 30.0543719528126]]]}}, {"type": "Feature", "properties": {"AREASYMBOL": "TX604", "SPATIALVER": 4, "MUSYM": "HeC3", "MUKEY": "390700", "muname": "Heiden clay, 3 to 5 percent slopes, eroded"}, "geometry": {"type": "Polygon", "coordinates": [[[-97.8028934877829, 30.0509231041676], [-97.8032525076286, 30.0507216328441], [-97.80331231890099, 30.05161299897659], [-97.80266313783719, 30.05161256219406], [-97.8028934877829, 30.0509231041676]]]}}, {"type": "Feature", "properties": {"AREASYMBOL": "TX604", "SPATIALVER": 4, "MUSYM": "KrB", "MUKEY": "393469", "muname": "Krum clay, 1 to 3 percent slopes"}, "geometry": {"type": "Polygon", "coordinates": [[[-97.8595738722758, 29.9561083852263], [-97.86038549839533, 29.956364045288602], [-97.8589464708039, 29.95766431027514], [-97.85428705624936, 29.953698020362648], [-97.8538797913709, 29.9525517227245], [-97.8529509589784, 29.9512306908651], [-97.8484774520864, 29.9468093039751], [-97.8475211361759, 29.942861950345], [-97.8476247835611, 29.9420714566158], [-97.8507833818468, 29.9421595469665], [-97.8518780637193, 29.9419571175307], [-97.8534381981593, 29.9425796990523], [-97.8553989396061, 29.9440463980835], [-97.8553789733484, 29.9445425163548], [-97.8550638944234, 29.9447813303833], [-97.8537999832567, 29.9448379262739], [-97.8524500237782, 29.9433698669468], [-97.8518177033107, 29.9432426633804], [-97.8505144355535, 29.9442725177128], [-97.8498422714792, 29.9452835633582], [-97.8498645946931, 29.9456320327087], [-97.8532187299398, 29.9484200770399], [-97.8554994699344, 29.9515218877786], [-97.8563024120998, 29.9531001315128], [-97.8595738722758, 29.9561083852263]]]}}, {"type": "Feature", "properties": {"AREASYMBOL": "TX604", "SPATIALVER": 4, "MUSYM": "HoB", "MUKEY": "390703", "muname": "Houston Black clay, 1 to 3 percent slopes"}, "geometry": {"type": "Polygon", "coordinates": [[[-97.78334793896984, 29.98154301707851], [-97.7840937685788, 29.9816431228422], [-97.7847008354473, 29.982538896229542], [-97.78334793896984, 29.98154301707851]]]}}, {"type": "Feature", "properties": {"AREASYMBOL": "TX604", "SPATIALVER": 4, "MUSYM": "ErG", "MUKEY": "390696", "muname": "Eckrant-Rock outcrop association, 8 to 30 percent slopes"}, "geometry": {"type": "Polygon", "coordinates": [[[-97.99636019368127, 30.002169084567964], [-97.99680067480233, 30.001631596192624], [-97.99779711068524, 30.001589684838628], [-97.99783911673995, 30.003666047941888], [-97.99636019368127, 30.002169084567964]]]}}, {"type": "Feature", "properties": {"AREASYMBOL": "TX604", "SPATIALVER": 4, "MUSYM": "ErG", "MUKEY": "390696", "muname": "Eckrant-Rock outcrop association, 8 to 30 percent slopes"}, "geometry": {"type": "Polygon", "coordinates": [[[-98.0181762228158, 30.0020153837998], [-98.01769311988295, 30.002151350680514], [-98.0176400855111, 30.00149833538263], [-98.01819152971628, 30.00160254475637], [-98.0181762228158, 30.0020153837998]]]}}, {"type": "Feature", "properties": {"AREASYMBOL": "TX604", "SPATIALVER": 4, "MUSYM": "ErG", "MUKEY": "390696", "muname": "Eckrant-Rock outcrop association, 8 to 30 percent slopes"}, "geometry": {"type": "Polygon", "coordinates": [[[-97.99607432970004, 30.002141784938807], [-97.99599034188417, 30.00421048930046], [-97.99509701407484, 30.004397926589856], [-97.99455736966445, 30.00372682009012], [-97.99359117910274, 30.003247153939952], [-97.99607432970004, 30.002141784938807]]]}}, {"type": "Feature", "properties": {"AREASYMBOL": "TX604", "SPATIALVER": 4, "MUSYM": "ErG", "MUKEY": "390696", "muname": "Eckrant-Rock outcrop association, 8 to 30 percent slopes"}, "geometry": {"type": "Polygon", "coordinates": [[[-98.02260781230488, 30.00927825430509], [-98.02285167803994, 30.00972278389368], [-98.02263868770572, 30.009737992641917], [-98.02260781230488, 30.00927825430509]]]}}, {"type": "Feature", "properties": {"AREASYMBOL": "TX604", "SPATIALVER": 4, "MUSYM": "ErG", "MUKEY": "390696", "muname": "Eckrant-Rock outcrop association, 8 to 30 percent slopes"}, "geometry": {"type": "Polygon", "coordinates": [[[-98.02098961084951, 30.00663881983245], [-98.0197793381361, 30.0071774416125], [-98.01956616888972, 30.0066319310321], [-98.02082815817394, 30.005926195198683], [-98.02098961084951, 30.00663881983245]]]}}, {"type": "Feature", "properties": {"AREASYMBOL": "TX604", "SPATIALVER": 4, "MUSYM": "ErG", "MUKEY": "390696", "muname": "Eckrant-Rock outcrop association, 8 to 30 percent slopes"}, "geometry": {"type": "Polygon", "coordinates": [[[-98.0229159211888, 30.0081587180332], [-98.02378961494937, 30.007847682796616], [-98.02562639632512, 30.007832807253955], [-98.02563644993614, 30.008766164082637], [-98.02379937827702, 30.008708144994856], [-98.0229159211888, 30.0081587180332]]]}}, {"type": "Feature", "properties": {"AREASYMBOL": "TX604", "SPATIALVER": 4, "MUSYM": "ErG", "MUKEY": "390696", "muname": "Eckrant-Rock outcrop association, 8 to 30 percent slopes"}, "geometry": {"type": "Polygon", "coordinates": [[[-98.01616975563734, 30.001313729010114], [-98.0162640416613, 30.00037189385702], [-98.01815929891886, 30.00051563310295], [-98.0176400855111, 30.00149833538263], [-98.01616975563734, 30.001313729010114]]]}}, {"type": "Feature", "properties": {"AREASYMBOL": "TX604", "SPATIALVER": 4, "MUSYM": "ErG", "MUKEY": "390696", "muname": "Eckrant-Rock outcrop association, 8 to 30 percent slopes"}, "geometry": {"type": "Polygon", "coordinates": [[[-98.0153760833092, 30.0013279098634], [-98.0143437324576, 30.0013802717157], [-98.01417364112841, 30.00157415287222], [-98.01388333407435, 30.001448597047812], [-98.01431399710243, 30.000694050634266], [-98.0160110463869, 30.000994898678563], [-98.01592450765321, 30.00164860647763], [-98.0153760833092, 30.0013279098634]]]}}, {"type": "Feature", "properties": {"AREASYMBOL": "TX604", "SPATIALVER": 4, "MUSYM": "FeF4", "MUKEY": "390697", "muname": "Ferris clay, 5 to 20 percent slopes, severely eroded"}, "geometry": {"type": "Polygon", "coordinates": [[[-97.8001533269165, 30.0509735994265], [-97.79980417896466, 30.051610638627015], [-97.79980181483003, 30.05057327682393], [-97.8001136040488, 30.050568714046882], [-97.8001533269165, 30.0509735994265]]]}}, {"type": "Feature", "properties": {"AREASYMBOL": "TX604", "SPATIALVER": 4, "MUSYM": "HoB", "MUKEY": "390703", "muname": "Houston Black clay, 1 to 3 percent slopes"}, "geometry": {"type": "Polygon", "coordinates": [[[-97.84965236073499, 29.916552028163295], [-97.8487943713473, 29.9170924505631], [-97.8484790991261, 29.917643173868], [-97.84870882631955, 29.918203427230175], [-97.84796757142979, 29.91887301161817], [-97.84653012458973, 29.917505836330438], [-97.8488011212509, 29.916384574352392], [-97.84965236073499, 29.916552028163295]]]}}, {"type": "Feature", "properties": {"AREASYMBOL": "TX604", "SPATIALVER": 4, "MUSYM": "HoB", "MUKEY": "390703", "muname": "Houston Black clay, 1 to 3 percent slopes"}, "geometry": {"type": "Polygon", "coordinates": [[[-97.85164296040088, 29.914148796709966], [-97.85108624851975, 29.91469488181077], [-97.8496380788305, 29.915351462804814], [-97.85164296040088, 29.914148796709966]]]}}]}